"";"Trienio";"Nome_Microrregiao";"COD_Microrregiao_Geografica";"Categoria 1 ou Adequada (C1)";"Categoria 2 ou Intermedi√°ria (C2)";"Categoria 3 ou Inadequada (C3)";"Indice_Adequacao"
"1";"2000_2002";"Aimores";"31041";0;0,956203506229569;0,0437964937704309;43,4305259344354
"2";"2000_2002";"Alfenas";"31049";0,752594572709647;0,232350995958829;0,0150544313315244;85,3715639357537
"3";"2000_2002";"Almenara";"31014";0;0,848947188005184;0,151052811994816;27,3420782007777
"4";"2000_2002";"Andrelandia";"31055";0,053502261770962;0,830761942800881;0,115735795428157;35,3147437743245
"5";"2000_2002";"Aracuai";"31012";0;0,207513580455403;0,792486419544597;-68,8729629316896
"6";"2000_2002";"Araxa";"31023";0,0367814516365915;0,838275581839366;0,124942966524042;33,0976276032233
"7";"2000_2002";"Barbacena";"31059";0;1;0;50
"8";"2000_2002";"Belo_Horizonte";"31030";0,0793353174513956;0,920664682548604;0;53,9667658725698
"9";"2000_2002";"Bocaiuva";"31009";0;0,858938419817789;0,141061580182212;28,8407629726683
"10";"2000_2002";"Bom_Despacho";"31026";0,116548052235581;0,849885194562186;0,0335667532022325;50,7923896314442
"11";"2000_2002";"Campo_Belo";"31045";0;1;0;50
"12";"2000_2002";"Capelinha";"31011";0;0,404384235110231;0,595615764889769;-39,3423647334654
"13";"2000_2002";"Caratinga";"31040";0,0334060934989122;0,966593906501088;0;51,6703046749456
"14";"2000_2002";"Cataguases";"31066";0,5359782287026;0,4640217712974;0;76,79891143513
"15";"2000_2002";"Conceicao_do_Mato_Dentro";"31028";0;0,700344638684132;0,299655361315868;5,05169580261981
"16";"2000_2002";"Conselheiro_Lafaiete";"31034";0,109836913610499;0,890163086389501;0;55,4918456805249
"17";"2000_2002";"Curvelo";"31025";0;0,907708255632829;0,0922917443671705;36,1562383449244
"18";"2000_2002";"Diamantina";"31010";0;1;0;50
"19";"2000_2002";"Divinopolis";"31043";0,160121534371439;0,839878465628561;0;58,006076718572
"20";"2000_2002";"Formiga";"31044";0;0,974280870959182;0,0257191290408177;46,1421306438773
"21";"2000_2002";"Frutal";"31021";0;0,988567786081787;0,0114322139182131;48,285167912268
"22";"2000_2002";"Governador_Valadares";"31037";0;0,859638319514876;0,140361680485124;28,9457479272314
"23";"2000_2002";"Grao_Mogol";"31008";0;0,82917890362323;0,17082109637677;24,3768355434845
"24";"2000_2002";"Guanhaes";"31035";0;0,940875087805691;0,0591249121943095;41,1312631708536
"25";"2000_2002";"Ipatinga";"31039";0,078799975085609;0,921200024914391;0;53,9399987542805
"26";"2000_2002";"Itabira";"31031";0,0248178706633756;0,969725266808016;0,00545686252860829;50,4223641538775
"27";"2000_2002";"Itaguara";"31032";0;1;0;50
"28";"2000_2002";"Itajuba";"31056";0,0619365493542079;0,917539773379116;0,0205236772666757;50,018275877709
"29";"2000_2002";"Ituiutaba";"31017";0,0332338905343667;0,910868365942359;0,0558977435232744;43,2770329982272
"30";"2000_2002";"Janauba";"31004";0;0,832183203446033;0,167816796553967;24,8274805169049
"31";"2000_2002";"Januaria";"31003";0,205870625133443;0,631424652218887;0,16270472264767;35,8878228595217
"32";"2000_2002";"Juiz_de_Fora";"31065";0,149628853913204;0,648279175778483;0,202091970308313;27,1676471494133
"33";"2000_2002";"Lavras";"31057";0;1;0;50
"34";"2000_2002";"Manhuacu";"31061";0;1;0;50
"35";"2000_2002";"Mantena";"31038";0;0,86915464424639;0,13084535575361;30,3731966369585
"36";"2000_2002";"Montes_Claros";"31007";0,0261498401530385;0,480211651483245;0,493638508363717;-22,7382842469056
"37";"2000_2002";"Muriae";"31063";0;0,777266421319837;0,222733578680163;16,5899631979755
"38";"2000_2002";"Nanuque";"31016";0;0,177634953377489;0,822365046622511;-73,3547569933766
"39";"2000_2002";"Oliveira";"31046";0,342557194434504;0,657442805565496;0;67,1278597217252
"40";"2000_2002";"Ouro_Preto";"31033";0;0,621258132086136;0,378741867913864;-6,81128018707954
"41";"2000_2002";"Para_de_Minas";"31029";0;1;0;50
"42";"2000_2002";"Paracatu";"31002";0;0,842414407563834;0,157585592436166;26,362161134575
"43";"2000_2002";"Passos";"31047";0,181256121339953;0,818743878660046;0;59,0628060669977
"44";"2000_2002";"Patos_de_Minas";"31020";0;1;0;50
"45";"2000_2002";"Patrocinio";"31019";0;0,97214537909948;0,0278546209005205;45,8218068649219
"46";"2000_2002";"Pecanha";"31036";0;0,923844658914984;0,076155341085016;38,5766988372476
"47";"2000_2002";"Pedra_Azul";"31013";0;0,371427134288193;0,628572865711807;-44,285929856771
"48";"2000_2002";"Pirapora";"31006";0;0,885675478445591;0,114324521554409;32,8513217668387
"49";"2000_2002";"Piui";"31042";0;0,953968831042924;0,046031168957076;43,0953246564386
"50";"2000_2002";"Pocos_de_Caldas";"31051";0;1;0;50
"51";"2000_2002";"Ponte_Nova";"31060";0,0488284319741293;0,951171568025871;0;52,4414215987065
"52";"2000_2002";"Pouso_Alegre";"31052";0,0981452262943971;0,901854773705603;0;54,9072613147199
"53";"2000_2002";"Salinas";"31005";0;0,254387346976741;0,745612653023259;-61,8418979534889
"54";"2000_2002";"Santa_Rita_do_Sapucai";"31053";0;1;0;50
"55";"2000_2002";"Sao_Joao_Del_Rei";"31058";0;1;0;50
"56";"2000_2002";"Sao_Lourenco";"31054";0,060796731410729;0,939203268589271;0;53,0398365705364
"57";"2000_2002";"Sao_Sebastiao_do_Paraiso";"31048";0,124124205769842;0,875875794230157;0;56,2062102884921
"58";"2000_2002";"Sete_Lagoas";"31027";0,00854402678123409;0,934997271332139;0,0564587018866266;41,9583960560677
"59";"2000_2002";"Teofilo_Otoni";"31015";0;0,64575411913815;0,35424588086185;-3,13688212927757
"60";"2000_2002";"Tres_Marias";"31024";0;1;0;50
"61";"2000_2002";"Uba";"31064";0,034232326581838;0,965767673418162;0;51,7116163290919
"62";"2000_2002";"Uberaba";"31022";0,316063338267618;0,486716682366662;0,19721997936572;36,2201700085228
"63";"2000_2002";"Uberlandia";"31018";0,629598130494913;0,365036612170305;0,00536525733478218;80,6751179245283
"64";"2000_2002";"Unai";"31001";0;0,697830066356495;0,302169933643505;4,67450995347418
"65";"2000_2002";"Varginha";"31050";0,0658655775734309;0,934134422426569;0;53,2932788786715
"66";"2000_2002";"Vicosa";"31062";0,0258914253797229;0,887195461237052;0,0869131133832247;38,2576042615024
"67";"2003_2005";"Aimores";"31041";0,0413818488989144;0,840740364960002;0,117877786141084;34,3874245237831
"68";"2003_2005";"Alfenas";"31049";0,34196276779178;0,65803723220822;0;67,098138389589
"69";"2003_2005";"Almenara";"31014";0;0,733040394997635;0,266959605002365;9,95605924964523
"70";"2003_2005";"Andrelandia";"31055";0,0867792062604807;0,84473113471213;0,0684896590273896;44,0655114589156
"71";"2003_2005";"Aracuai";"31012";0;1;0;50
"72";"2003_2005";"Araxa";"31023";0,631228262795025;0,30307824253766;0,0656934946673144;71,7073889396541
"73";"2003_2005";"Barbacena";"31059";0,640147320783785;0,359852679216215;0;82,0073660391893
"74";"2003_2005";"Belo_Horizonte";"31030";0,688091560711445;0,311908439288555;0;84,4045780355722
"75";"2003_2005";"Bocaiuva";"31009";0,148690663321218;0,851309336678782;0;57,4345331660609
"76";"2003_2005";"Bom_Despacho";"31026";0,147912521979629;0,852087478020371;0;57,3956260989814
"77";"2003_2005";"Campo_Belo";"31045";0,714192316074198;0,285807683925802;0;85,7096158037099
"78";"2003_2005";"Capelinha";"31011";0;1;0;50
"79";"2003_2005";"Caratinga";"31040";0,107354956601188;0,892645043398812;0;55,3677478300594
"80";"2003_2005";"Cataguases";"31066";0,0986645960892166;0,901335403910783;0;54,9332298044608
"81";"2003_2005";"Conceicao_do_Mato_Dentro";"31028";0,0171081400603441;0,982891859939656;0;50,8554070030172
"82";"2003_2005";"Conselheiro_Lafaiete";"31034";0,0838945215892423;0,916105478410758;0;54,1947260794621
"83";"2003_2005";"Curvelo";"31025";0,104915823475303;0,710371788563972;0,184712387960725;27,5389329796565
"84";"2003_2005";"Diamantina";"31010";0,0327716213328449;0,967228378667155;0;51,6385810666423
"85";"2003_2005";"Divinopolis";"31043";0,275307555313765;0,724692444686235;0;63,7653777656883
"86";"2003_2005";"Formiga";"31044";0,154922062307468;0,845077937692532;0;57,7461031153734
"87";"2003_2005";"Frutal";"31021";0;0,87642888342988;0,12357111657012;31,464332514482
"88";"2003_2005";"Governador_Valadares";"31037";0,0177949979119298;0,91667469770574;0,0655303043823298;41,060204238247
"89";"2003_2005";"Grao_Mogol";"31008";0,412690023505195;0,587309976494805;0;70,6345011752597
"90";"2003_2005";"Guanhaes";"31035";0,268810806839218;0,702424836519318;0,0287643566414643;59,1258868457412
"91";"2003_2005";"Ipatinga";"31039";0;1;0;50
"92";"2003_2005";"Itabira";"31031";0,247067163182921;0,747604339760733;0,005328497056346;61,5540836006941
"93";"2003_2005";"Itaguara";"31032";0;1;0;50
"94";"2003_2005";"Itajuba";"31056";0,539201866212917;0,460798133787083;0;76,9600933106458
"95";"2003_2005";"Ituiutaba";"31017";0;1;0;50
"96";"2003_2005";"Janauba";"31004";0;0,954603440194141;0,0453965598058587;43,1905160291212
"97";"2003_2005";"Januaria";"31003";0,126150595616408;0,692163362014503;0,181686042369089;29,054623425457
"98";"2003_2005";"Juiz_de_Fora";"31065";0,273844598188774;0,70890280675809;0,0172525950531362;61,1043406514683
"99";"2003_2005";"Lavras";"31057";0,0419006039191037;0,958099396080896;0;52,0950301959552
"100";"2003_2005";"Manhuacu";"31061";0,0277127274969312;0,955233200118828;0,0170540723842407;48,8275255172104
"101";"2003_2005";"Mantena";"31038";0,26552554283889;0,73447445716111;0;63,2762771419445
"102";"2003_2005";"Montes_Claros";"31007";0,00979536984094523;0,349203334961026;0,641001295198029;-45,6604257876571
"103";"2003_2005";"Muriae";"31063";0,0228744996693077;0,973148235237912;0,00397726509278046;50,5471352195483
"104";"2003_2005";"Nanuque";"31016";0;0,177977206350516;0,822022793649484;-73,3034190474226
"105";"2003_2005";"Oliveira";"31046";0,547473724492754;0,452526275507246;0;77,3736862246377
"106";"2003_2005";"Ouro_Preto";"31033";0;0,628433143377058;0,371566856622942;-5,73502849344126
"107";"2003_2005";"Para_de_Minas";"31029";0;0,959927595031521;0,0400724049684789;43,9891392547282
"108";"2003_2005";"Paracatu";"31002";0,144818155463541;0,838775632996209;0,0164062115402498;54,7799760421396
"109";"2003_2005";"Passos";"31047";0,0832966759043388;0,892080529040015;0,024622795055646;50,47141453687
"110";"2003_2005";"Patos_de_Minas";"31020";0,620622954968635;0,379377045031365;0;81,0311477484318
"111";"2003_2005";"Patrocinio";"31019";0,635048619469237;0,364951380530763;0;81,7524309734619
"112";"2003_2005";"Pecanha";"31036";0,185252501726045;0,647865942420789;0,166881555853166;34,2303917083274
"113";"2003_2005";"Pedra_Azul";"31013";0;0,910342989716579;0,0896570102834211;36,5514484574868
"114";"2003_2005";"Pirapora";"31006";0;0,931193401878013;0,0688065981219872;39,6790102817019
"115";"2003_2005";"Piui";"31042";0;0,956260595785905;0,0437394042140954;43,4390893678857
"116";"2003_2005";"Pocos_de_Caldas";"31051";0;1;0;50
"117";"2003_2005";"Ponte_Nova";"31060";0,0851045551367819;0,914895444863218;0;54,2552277568391
"118";"2003_2005";"Pouso_Alegre";"31052";0,142323810353495;0,714428575836278;0,143247613810226;35,6290484461408
"119";"2003_2005";"Salinas";"31005";0,0256707375531907;0,853152171508219;0,12117709093859;33,106973236871
"120";"2003_2005";"Santa_Rita_do_Sapucai";"31053";0,221084700543777;0,626139180227122;0,1527761192291;38,1378171428239
"121";"2003_2005";"Sao_Joao_Del_Rei";"31058";0,564806174968429;0,405395513849826;0,0297983111817441;73,7705620711598
"122";"2003_2005";"Sao_Lourenco";"31054";0,657616223823922;0,342383776176078;0;82,8808111911961
"123";"2003_2005";"Sao_Sebastiao_do_Paraiso";"31048";0,252976828056657;0,747023171943343;0;62,6488414028329
"124";"2003_2005";"Sete_Lagoas";"31027";0;0,943589340544905;0,0564106594550953;41,5384010817357
"125";"2003_2005";"Teofilo_Otoni";"31015";0,178640334147388;0,791567811565691;0,0297918542869217;54,4632385643311
"126";"2003_2005";"Tres_Marias";"31024";0;1;0;50
"127";"2003_2005";"Uba";"31064";0,412037609425274;0,587962390574726;0;70,6018804712637
"128";"2003_2005";"Uberaba";"31022";0,196581705251881;0,803418294748119;0;59,8290852625941
"129";"2003_2005";"Uberlandia";"31018";0,66446266104835;0,33553733895165;0;83,2231330524175
"130";"2003_2005";"Unai";"31001";0,278738684599205;0,499528128213701;0,221733187187094;30,6769561518962
"131";"2003_2005";"Varginha";"31050";0,800401140993475;0,199598859006525;0;90,0200570496738
"132";"2003_2005";"Vicosa";"31062";0,0881974328220482;0,911802567177952;0;54,4098716411024
"133";"2006_2008";"Aimores";"31041";0,451330148046255;0,548669851953745;0;72,5665074023128
"134";"2006_2008";"Alfenas";"31049";0,675674147329384;0,324325852670616;0;83,7837073664692
"135";"2006_2008";"Almenara";"31014";0;0,653648236763121;0,346351763236879;-1,95276448553192
"136";"2006_2008";"Andrelandia";"31055";0,148410400339958;0,851589599660042;0;57,4205200169979
"137";"2006_2008";"Aracuai";"31012";0,0967714202690225;0,903228579730977;0;54,8385710134511
"138";"2006_2008";"Araxa";"31023";0,627786470734971;0,372213529265029;0;81,3893235367485
"139";"2006_2008";"Barbacena";"31059";0,685811214795984;0,314188785204016;0;84,2905607397992
"140";"2006_2008";"Belo_Horizonte";"31030";0,802494926234513;0,19586487147876;0,00164020228672623;89,8787159687167
"141";"2006_2008";"Bocaiuva";"31009";0,71034117263812;0,28965882736188;0;85,517058631906
"142";"2006_2008";"Bom_Despacho";"31026";0,72145778322755;0,27854221677245;0;86,0728891613775
"143";"2006_2008";"Campo_Belo";"31045";0,448926182518062;0,551073817481938;0;72,4463091259031
"144";"2006_2008";"Capelinha";"31011";0,282387480737552;0,717612519262448;0;64,1193740368776
"145";"2006_2008";"Caratinga";"31040";0,19536552678224;0,80463447321776;0;59,768276339112
"146";"2006_2008";"Cataguases";"31066";0,519022734807112;0,480977265192888;0;75,9511367403556
"147";"2006_2008";"Conceicao_do_Mato_Dentro";"31028";0,125252773435795;0,56162984108613;0,313117385478075;9,29503085007848
"148";"2006_2008";"Conselheiro_Lafaiete";"31034";0,662277167892033;0,337722832107967;0;83,1138583946017
"149";"2006_2008";"Curvelo";"31025";0,368763626865115;0,631236373134885;0;68,4381813432557
"150";"2006_2008";"Diamantina";"31010";0,0283802100982718;0,971619789901728;0;51,4190105049136
"151";"2006_2008";"Divinopolis";"31043";0,783594295752566;0,176048843738536;0,0403568605088979;83,1261857112936
"152";"2006_2008";"Formiga";"31044";0,269218045145728;0,730781954854272;0;63,4609022572864
"153";"2006_2008";"Frutal";"31021";0,329816231212079;0,670183768787921;0;66,4908115606039
"154";"2006_2008";"Governador_Valadares";"31037";0,617343656854452;0,382656343145548;0;80,8671828427226
"155";"2006_2008";"Grao_Mogol";"31008";0,310872306595756;0,689127693404244;0;65,5436153297878
"156";"2006_2008";"Guanhaes";"31035";0,290379612782169;0,648888383465059;0,0607320037527719;55,4091800761926
"157";"2006_2008";"Ipatinga";"31039";0,930245869035257;0,0697541309647429;0;96,5122934517629
"158";"2006_2008";"Itabira";"31031";0,610025867134891;0,384867282246482;0,00510685061862753;79,7352657639504
"159";"2006_2008";"Itaguara";"31032";0,21396294400252;0,78603705599748;0;60,698147200126
"160";"2006_2008";"Itajuba";"31056";0,772180881511162;0,121469185269987;0,106349933218851;72,6565540927304
"161";"2006_2008";"Ituiutaba";"31017";0,101683999872263;0,846779430079942;0,0515365700477949;47,3537144864439
"162";"2006_2008";"Janauba";"31004";0,134074194746165;0,844821234896216;0,0211045703576183;53,5380241836655
"163";"2006_2008";"Januaria";"31003";0,436460246935673;0,445515984084421;0,118023768979906;54,1194469997978
"164";"2006_2008";"Juiz_de_Fora";"31065";0,399516686630567;0,600483313369433;0;69,9758343315283
"165";"2006_2008";"Lavras";"31057";0,470048781309766;0,529951218690234;0;73,5024390654883
"166";"2006_2008";"Manhuacu";"31061";0,14278379490902;0,85721620509098;0;57,139189745451
"167";"2006_2008";"Mantena";"31038";0,21960039609421;0,78039960390579;0;60,9800198047105
"168";"2006_2008";"Montes_Claros";"31007";0,0975421231351781;0,669397716496089;0,233060160368733;19,918082101449
"169";"2006_2008";"Muriae";"31063";0,46083907820735;0,53916092179265;0;73,0419539103675
"170";"2006_2008";"Nanuque";"31016";0,0828842749074521;0,917115725092548;0;54,1442137453726
"171";"2006_2008";"Oliveira";"31046";0,734898896989242;0,265101103010758;0;86,7449448494621
"172";"2006_2008";"Ouro_Preto";"31033";0,393559913612641;0,606440086387359;0;69,6779956806321
"173";"2006_2008";"Para_de_Minas";"31029";0,958170803682272;0,0418291963177282;0;97,9085401841136
"174";"2006_2008";"Paracatu";"31002";0,16409896898522;0,83590103101478;0;58,204948449261
"175";"2006_2008";"Passos";"31047";0,420558529261664;0,556269169666276;0,0231723010720601;67,5520813022742
"176";"2006_2008";"Patos_de_Minas";"31020";0,568056116159578;0,431943883840422;0;78,4028058079789
"177";"2006_2008";"Patrocinio";"31019";0,68910136450545;0,31089863549455;0;84,4550682252725
"178";"2006_2008";"Pecanha";"31036";0,203603565810173;0,723213424226534;0,0731830099632931;49,2027267960147
"179";"2006_2008";"Pedra_Azul";"31013";0,202798952738738;0,713113600320309;0,0840874469409524;47,5268305957941
"180";"2006_2008";"Pirapora";"31006";0;0,955560880504515;0,0444391194954853;43,3341320756772
"181";"2006_2008";"Piui";"31042";0,306971969291198;0,693028030708802;0;65,3485984645599
"182";"2006_2008";"Pocos_de_Caldas";"31051";0,0490915100163342;0,944857580674238;0,00605090930942743;51,5469391044026
"183";"2006_2008";"Ponte_Nova";"31060";0,187649961813151;0,812350038186849;0;59,3824980906575
"184";"2006_2008";"Pouso_Alegre";"31052";0,144205512177018;0,855794487822982;0;57,2102756088509
"185";"2006_2008";"Salinas";"31005";0;0,961168818387596;0,0388311816124039;44,1753227581394
"186";"2006_2008";"Santa_Rita_do_Sapucai";"31053";0,0513053240689023;0,948694675931098;0;52,5652662034451
"187";"2006_2008";"Sao_Joao_Del_Rei";"31058";0,283141209207048;0,716858790792952;0;64,1570604603524
"188";"2006_2008";"Sao_Lourenco";"31054";0,443325377165163;0,556674622834837;0;72,1662688582582
"189";"2006_2008";"Sao_Sebastiao_do_Paraiso";"31048";0,43827601384632;0,56172398615368;0;71,913800692316
"190";"2006_2008";"Sete_Lagoas";"31027";0,733793912409;0,246808322350983;0,0193977652400168;83,7800308344475
"191";"2006_2008";"Teofilo_Otoni";"31015";0,223919127430831;0,747593375770713;0,0284874967984558;56,9228318517732
"192";"2006_2008";"Tres_Marias";"31024";0,54303090393316;0,447542432504838;0,00942666356200191;75,7375456623577
"193";"2006_2008";"Uba";"31064";0,242892440308529;0,757107559691471;0;62,1446220154265
"194";"2006_2008";"Uberaba";"31022";0,710579279720885;0,289420720279115;0;85,5289639860442
"195";"2006_2008";"Uberlandia";"31018";0,916276562400237;0,0787294741791123;0,00499396342065091;95,0647336069142
"196";"2006_2008";"Unai";"31001";0;0,887850511445513;0,112149488554487;33,1775767168269
"197";"2006_2008";"Varginha";"31050";0,198060854260186;0,801939145739814;0;59,9030427130093
"198";"2006_2008";"Vicosa";"31062";0,395292911314038;0,604707088685962;0;69,7646455657019
"199";"2009_2011";"Aimores";"31041";0,400041956216123;0,586516962460506;0,0134410813233715;67,9859356123004
"200";"2009_2011";"Alfenas";"31049";0,339145268342493;0,555836261525062;0,105018470132444;51,204492897258
"201";"2009_2011";"Almenara";"31014";0,0583345845701328;0,642196324828773;0,299469090601094;7,99636563834252
"202";"2009_2011";"Andrelandia";"31055";0,423164513690617;0,339277890388402;0,237557595920981;35,5245862963837
"203";"2009_2011";"Aracuai";"31012";0,217811880833897;0,707197361404752;0,0749907577613509;49,6419803774922
"204";"2009_2011";"Araxa";"31023";0,71284577906898;0,28715422093102;0;85,642288953449
"205";"2009_2011";"Barbacena";"31059";0,825126500057687;0,174873499942313;0;91,2563250028844
"206";"2009_2011";"Belo_Horizonte";"31030";0,856806528882335;0,143193471117665;0;92,8403264441167
"207";"2009_2011";"Bocaiuva";"31009";0,83127538586515;0,16872461413485;0;91,5637692932575
"208";"2009_2011";"Bom_Despacho";"31026";0,590828197999857;0,409171802000143;0;79,5414098999929
"209";"2009_2011";"Campo_Belo";"31045";0,294563333253453;0,705436666746547;0;64,7281666626726
"210";"2009_2011";"Capelinha";"31011";0,402555200728903;0,597444799271097;0;70,1277600364452
"211";"2009_2011";"Caratinga";"31040";0,356722107320307;0,643277892679693;0;67,8361053660153
"212";"2009_2011";"Cataguases";"31066";0,866593164277839;0,133406835722161;0;93,3296582138919
"213";"2009_2011";"Conceicao_do_Mato_Dentro";"31028";0;0,646849062975367;0,353150937024633;-2,97264055369497
"214";"2009_2011";"Conselheiro_Lafaiete";"31034";0,549478102596486;0,450521897403514;0;77,4739051298243
"215";"2009_2011";"Curvelo";"31025";0,489455982061823;0,510544017938177;0;74,4727991030911
"216";"2009_2011";"Diamantina";"31010";0,107122274517337;0,892877725482663;0;55,3561137258669
"217";"2009_2011";"Divinopolis";"31043";0,866862401897126;0,0956606006413632;0,0374769974615107;87,7215704756297
"218";"2009_2011";"Formiga";"31044";0,267090475120508;0,732909524879492;0;63,3545237560254
"219";"2009_2011";"Frutal";"31021";0,521618080576482;0,478381919423518;0;76,0809040288241
"220";"2009_2011";"Governador_Valadares";"31037";0,631671173452154;0,359072927421722;0,00925589912612403;80,1951738036891
"221";"2009_2011";"Grao_Mogol";"31008";0,233321380971389;0,766678619028611;0;61,6660690485694
"222";"2009_2011";"Guanhaes";"31035";0,347586414163183;0,652413585836817;0;67,3793207081592
"223";"2009_2011";"Ipatinga";"31039";0,919075010182918;0,0809249898170819;0;95,9537505091459
"224";"2009_2011";"Itabira";"31031";0,63678654359916;0,358240680609565;0,00497277579127556;81,0934108112667
"225";"2009_2011";"Itaguara";"31032";0,511166523984901;0,488833476015099;0;75,558326199245
"226";"2009_2011";"Itajuba";"31056";0,513183223077757;0,486816776922243;0;75,6591611538879
"227";"2009_2011";"Ituiutaba";"31017";0,892454254018265;0,107545745981735;0;94,6227127009133
"228";"2009_2011";"Janauba";"31004";0,279748379396419;0,720251620603581;0;63,9874189698209
"229";"2009_2011";"Januaria";"31003";0,0571846741370794;0,91400257893285;0,028812746930071;48,5373216673433
"230";"2009_2011";"Juiz_de_Fora";"31065";0,447760081537018;0,552239918462982;0;72,3880040768509
"231";"2009_2011";"Lavras";"31057";0,519499900948691;0,480500099051309;0;75,9749950474346
"232";"2009_2011";"Manhuacu";"31061";0,251897099545584;0,748102900454416;0;62,5948549772792
"233";"2009_2011";"Mantena";"31038";0,202110942004776;0,727365529529678;0,0705235284655456;49,527017830407
"234";"2009_2011";"Montes_Claros";"31007";0,248140693591617;0,751859306408383;0;62,4070346795808
"235";"2009_2011";"Muriae";"31063";0,444785644096072;0,555214355903928;0;72,2392822048036
"236";"2009_2011";"Nanuque";"31016";0,100564376887763;0,899435623112237;0;55,0282188443881
"237";"2009_2011";"Oliveira";"31046";0,756312361158176;0,243687638841824;0;87,8156180579088
"238";"2009_2011";"Ouro_Preto";"31033";0,948072561444783;0,0519274385552167;0;97,4036280722392
"239";"2009_2011";"Para_de_Minas";"31029";0,881372694756833;0,118627305243167;0;94,0686347378416
"240";"2009_2011";"Paracatu";"31002";0,254245334062923;0,745754665937077;0;62,7122667031462
"241";"2009_2011";"Passos";"31047";0,184900296890304;0,788553654505387;0,0265460486043095;55,2631075538687
"242";"2009_2011";"Patos_de_Minas";"31020";0,537882937030109;0,462117062969891;0;76,8941468515054
"243";"2009_2011";"Patrocinio";"31019";0,658867645887778;0,334764762518369;0,00636759159385248;81,988243555311
"244";"2009_2011";"Pecanha";"31036";0,210810994363109;0,789189005636891;0;60,5405497181554
"245";"2009_2011";"Pedra_Azul";"31013";0,55578308589409;0,164605366663753;0,279611547442157;35,847422178381
"246";"2009_2011";"Pirapora";"31006";0,0563294089183487;0,943670591081651;0;52,8164704459174
"247";"2009_2011";"Piui";"31042";0,624567106013291;0,375432893986709;0;81,2283553006645
"248";"2009_2011";"Pocos_de_Caldas";"31051";0,0561293216633067;0,943870678336693;0;52,8064660831653
"249";"2009_2011";"Ponte_Nova";"31060";0,0701471925629021;0,929852807437098;0;53,5073596281451
"250";"2009_2011";"Pouso_Alegre";"31052";0,580340873759881;0,419659126240119;0;79,017043687994
"251";"2009_2011";"Salinas";"31005";0,140473317719053;0,825466172126845;0,0340605101541012;51,9145893628375
"252";"2009_2011";"Santa_Rita_do_Sapucai";"31053";0,464154445498922;0,535845554501078;0;73,2077222749461
"253";"2009_2011";"Sao_Joao_Del_Rei";"31058";0,270410574883344;0,729589425116656;0;63,5205287441672
"254";"2009_2011";"Sao_Lourenco";"31054";0,883273875214947;0,116726124785052;0;94,1636937607474
"255";"2009_2011";"Sao_Sebastiao_do_Paraiso";"31048";0,519522516000487;0,480477483999513;0;75,9761258000243
"256";"2009_2011";"Sete_Lagoas";"31027";0,838741668240818;0,14262909166959;0,0186292400895917;89,1426973986022
"257";"2009_2011";"Teofilo_Otoni";"31015";0,330516766674075;0,669483233325925;0;66,5258383337037
"258";"2009_2011";"Tres_Marias";"31024";0,771444250508879;0,228555749491121;0;88,572212525444
"259";"2009_2011";"Uba";"31064";0,561992785223479;0,438007214776521;0;78,099639261174
"260";"2009_2011";"Uberaba";"31022";0,781465076322611;0,218534923677389;0;89,0732538161305
"261";"2009_2011";"Uberlandia";"31018";0,93980668421711;0,0601933157828898;0;96,9903342108555
"262";"2009_2011";"Unai";"31001";0,263270545742672;0,736729454257328;0;63,1635272871336
"263";"2009_2011";"Varginha";"31050";0,186149564621487;0,813850435378513;0;59,3074782310743
"264";"2009_2011";"Vicosa";"31062";0,0505685729021472;0,949431427097853;0;52,5284286451074
"265";"2012_2014";"Aimores";"31041";0,480549948376814;0,519450051623186;0;74,0274974188407
"266";"2012_2014";"Alfenas";"31049";0,850486708179125;0,149513291820875;0;92,5243354089562
"267";"2012_2014";"Almenara";"31014";0,519480544300894;0,265497668373978;0,215021787325128;43,7207591162755
"268";"2012_2014";"Andrelandia";"31055";0,320713324512897;0,39885899741041;0,280427678076693;23,971514514141
"269";"2012_2014";"Aracuai";"31012";0,1424358541526;0,8575641458474;0;57,12179270763
"270";"2012_2014";"Araxa";"31023";0,662886285834051;0,337113714165949;0;83,1443142917026
"271";"2012_2014";"Barbacena";"31059";0,848573787162085;0,151426212837915;0;92,4286893581043
"272";"2012_2014";"Belo_Horizonte";"31030";0,96925813386906;0,0307418661309405;0;98,462906693453
"273";"2012_2014";"Bocaiuva";"31009";0,833354471109357;0,166645528890643;0;91,6677235554679
"274";"2012_2014";"Bom_Despacho";"31026";0,135872947949895;0,864127052050105;0;56,7936473974948
"275";"2012_2014";"Campo_Belo";"31045";0,124325785406249;0,875674214593751;0;56,2162892703124
"276";"2012_2014";"Capelinha";"31011";0,448259699021546;0,551740300978454;0;72,4129849510773
"277";"2012_2014";"Caratinga";"31040";0,691576245374298;0,308423754625702;0;84,5788122687149
"278";"2012_2014";"Cataguases";"31066";0,788135871685869;0,211864128314131;0;89,4067935842934
"279";"2012_2014";"Conceicao_do_Mato_Dentro";"31028";0,0248340756265828;0,605059965650744;0,370105958722673;-4,27419002707187
"280";"2012_2014";"Conselheiro_Lafaiete";"31034";0,415779706809708;0,584220293190292;0;70,7889853404854
"281";"2012_2014";"Curvelo";"31025";0,354872083329148;0,596522595096276;0,0486053215745754;60,4528059302711
"282";"2012_2014";"Diamantina";"31010";0,150535721406464;0,849464278593536;0;57,5267860703232
"283";"2012_2014";"Divinopolis";"31043";0,881504738711492;0,118495261288508;0;94,0752369355746
"284";"2012_2014";"Formiga";"31044";0,839503420840549;0,160496579159451;0;91,9751710420275
"285";"2012_2014";"Frutal";"31021";0,793568499653243;0,206431500346757;0;89,6784249826622
"286";"2012_2014";"Governador_Valadares";"31037";0,578407978253576;0,415136907981677;0,00645511376474696;77,9521318479668
"287";"2012_2014";"Grao_Mogol";"31008";0,491872069883056;0,508127930116944;0;74,5936034941528
"288";"2012_2014";"Guanhaes";"31035";0,280764821702035;0,719235178297965;0;64,0382410851017
"289";"2012_2014";"Ipatinga";"31039";0,897717314978833;0,0962903201709172;0,00599236485024934;93,9870110214043
"290";"2012_2014";"Itabira";"31031";0,830197324938847;0,169802675061153;0;91,5098662469424
"291";"2012_2014";"Itaguara";"31032";0,339907795595758;0,660092204404242;0;66,9953897797879
"292";"2012_2014";"Itajuba";"31056";0,430881208615348;0,569118791384651;0;71,5440604307674
"293";"2012_2014";"Ituiutaba";"31017";0,949696759419888;0;0,0503032405801124;89,9393518839775
"294";"2012_2014";"Janauba";"31004";0,743344811148891;0,25665518885111;0;87,1672405574445
"295";"2012_2014";"Januaria";"31003";0,633216312072718;0,263138302906303;0,103645385020978;66,1140078504892
"296";"2012_2014";"Juiz_de_Fora";"31065";0,342933445182733;0,64085989535356;0,0162066594637069;64,7156733395806
"297";"2012_2014";"Lavras";"31057";0,411114282709613;0,588885717290387;0;70,5557141354807
"298";"2012_2014";"Manhuacu";"31061";0,470159559225075;0,529840440774925;0;73,5079779612538
"299";"2012_2014";"Mantena";"31038";0,2403839238429;0,7596160761571;0;62,019196192145
"300";"2012_2014";"Montes_Claros";"31007";0,189475045457395;0,804525362091667;0,00599959245093736;58,5738134052292
"301";"2012_2014";"Muriae";"31063";0,293542493542494;0,698151998151998;0,00830550830550831;63,4312984312984
"302";"2012_2014";"Nanuque";"31016";0,861411660013947;0,138588339986053;0;93,0705830006974
"303";"2012_2014";"Oliveira";"31046";0,920822766976613;0,0791772330233869;0;96,0411383488307
"304";"2012_2014";"Ouro_Preto";"31033";0,279165205810466;0,720834794189534;0;63,9582602905233
"305";"2012_2014";"Para_de_Minas";"31029";0,935834667746468;0,0641653322535324;0;96,7917333873234
"306";"2012_2014";"Paracatu";"31002";0,230650118996131;0,769349881003869;0;61,5325059498065
"307";"2012_2014";"Passos";"31047";0,375459112273475;0,600817771370929;0,0237231163555958;65,2144881603344
"308";"2012_2014";"Patos_de_Minas";"31020";0,692127266951014;0,279189001020677;0,0286837320283086;80,3038035433044
"309";"2012_2014";"Patrocinio";"31019";0,865195944516594;0,128941060438583;0,00586299504482354;92,3803479691061
"310";"2012_2014";"Pecanha";"31036";0,187223543248702;0,622667962124892;0,190108494626405;30,8449029684743
"311";"2012_2014";"Pedra_Azul";"31013";0,364690709606273;0,56120233389095;0,0741069565027772;57,118492004897
"312";"2012_2014";"Pirapora";"31006";0,318961713852244;0,660248149343006;0,0207901368047502;62,8295651718997
"313";"2012_2014";"Piui";"31042";0,566531983474826;0,309370318245789;0,124097698279384;59,7119444318337
"314";"2012_2014";"Pocos_de_Caldas";"31051";0,972915974822602;0,0270840251773984;0;98,6457987411301
"315";"2012_2014";"Ponte_Nova";"31060";0,566961116900937;0,433038883099063;0;78,3480558450468
"316";"2012_2014";"Pouso_Alegre";"31052";0,298559112662186;0,701440887337814;0;64,9279556331093
"317";"2012_2014";"Salinas";"31005";0,20865156889689;0,79134843110311;0;60,4325784448445
"318";"2012_2014";"Santa_Rita_do_Sapucai";"31053";0,273316490800511;0,726683509199489;0;63,6658245400255
"319";"2012_2014";"Sao_Joao_Del_Rei";"31058";0,143151964797027;0,764965235682386;0,0918827995205874;43,3751783117632
"320";"2012_2014";"Sao_Lourenco";"31054";0,328893548412717;0,671106451587283;0;66,4446774206359
"321";"2012_2014";"Sao_Sebastiao_do_Paraiso";"31048";0,322167470441198;0,677832529558802;0;66,1083735220599
"322";"2012_2014";"Sete_Lagoas";"31027";0,723525188365093;0,25829964167737;0,0181751699575377;83,449983924624
"323";"2012_2014";"Teofilo_Otoni";"31015";0,216976700201944;0,783023299798056;0;60,8488350100972
"324";"2012_2014";"Tres_Marias";"31024";0,793611330201296;0,206388669798704;0;89,6805665100648
"325";"2012_2014";"Uba";"31064";0,436929885880683;0,563070114119317;0;71,8464942940341
"326";"2012_2014";"Uberaba";"31022";0,698532370752142;0,301467629247858;0;84,9266185376071
"327";"2012_2014";"Uberlandia";"31018";0,934683448471657;0,0521252146169341;0,0131913369114088;94,7554718868715
"328";"2012_2014";"Unai";"31001";0,306659545233306;0,493691931961596;0,199648522805098;35,3856988409006
"329";"2012_2014";"Varginha";"31050";0,709486743787426;0,290513256212574;0;85,4743371893713
"330";"2012_2014";"Vicosa";"31062";0,576408267335141;0,423591732664859;0;78,8204133667571
"331";"2015_2017";"Aimores";"31041";0,440618436031248;0,559381563968752;0;72,0309218015624
"332";"2015_2017";"Alfenas";"31049";0,962203778880864;0,0377962211191358;0;98,1101889440432
"333";"2015_2017";"Almenara";"31014";0,612714251013375;0,256353519865187;0,130932229121438;60,9958781824531
"334";"2015_2017";"Andrelandia";"31055";0,0803608057644769;0,887066743806869;0,0325724504286541;49,1321727239257
"335";"2015_2017";"Aracuai";"31012";0,969250594445373;0,030749405554627;0;98,4625297222686
"336";"2015_2017";"Araxa";"31023";0,628756291334987;0,371243708665013;0;81,4378145667493
"337";"2015_2017";"Barbacena";"31059";0,66752416818838;0,33247583181162;0;83,376208409419
"338";"2015_2017";"Belo_Horizonte";"31030";0,986628121062129;0,0133718789378714;0;99,3314060531064
"339";"2015_2017";"Bocaiuva";"31009";0,752160797520222;0,247839202479778;0;87,6080398760111
"340";"2015_2017";"Bom_Despacho";"31026";0,774581884960976;0,225418115039024;0;88,7290942480488
"341";"2015_2017";"Campo_Belo";"31045";0,45145240069674;0,54854759930326;0;72,572620034837
"342";"2015_2017";"Capelinha";"31011";0,197197983849114;0,802802016150886;0;59,8598991924557
"343";"2015_2017";"Caratinga";"31040";0,697807924392111;0,302192075607889;0;84,8903962196056
"344";"2015_2017";"Cataguases";"31066";0,639194338380253;0,360805661619747;0;81,9597169190127
"345";"2015_2017";"Conceicao_do_Mato_Dentro";"31028";0,119511060711414;0,880488939288587;0;55,9755530355707
"346";"2015_2017";"Conselheiro_Lafaiete";"31034";0,783278685089934;0,216721314910066;0;89,1639342544967
"347";"2015_2017";"Curvelo";"31025";0,185166329122422;0,814833670877578;0;59,2583164561211
"348";"2015_2017";"Diamantina";"31010";0,862912991600271;0,137087008399729;0;93,1456495800136
"349";"2015_2017";"Divinopolis";"31043";0,943933159036266;0,0560668409637339;0;97,1966579518133
"350";"2015_2017";"Formiga";"31044";0,906177633220538;0,0938223667794622;0;95,3088816610269
"351";"2015_2017";"Frutal";"31021";0,438627536171764;0,561372463828236;0;71,9313768085882
"352";"2015_2017";"Governador_Valadares";"31037";0,749624918673293;0,250375081326707;0;87,4812459336646
"353";"2015_2017";"Grao_Mogol";"31008";0,141753222836096;0,858246777163904;0;57,0876611418048
"354";"2015_2017";"Guanhaes";"31035";0,338126284446622;0,586652699531128;0,0752210160222501;55,6231618189936
"355";"2015_2017";"Ipatinga";"31039";0,94711037763526;0,0528896223647397;0;97,355518881763
"356";"2015_2017";"Itabira";"31031";0,937783818020898;0,0622161819791024;0;96,8891909010449
"357";"2015_2017";"Itaguara";"31032";0,435959619069408;0,485228930134126;0,0788114507964652;59,9762633340006
"358";"2015_2017";"Itajuba";"31056";0,800006628411264;0,199993371588735;0;90,0003314205632
"359";"2015_2017";"Ituiutaba";"31017";0,822257402943187;0,177742597056813;0;91,1128701471594
"360";"2015_2017";"Janauba";"31004";0,579445362387259;0,420554637612741;0;78,9722681193629
"361";"2015_2017";"Januaria";"31003";0,707637215629692;0,230597460321402;0,0617653240489064;76,1170621741486
"362";"2015_2017";"Juiz_de_Fora";"31065";0,406094955448843;0,586442983450465;0,0074620611006918;69,1854386073384
"363";"2015_2017";"Lavras";"31057";0,378172913205338;0,621827086794662;0;68,9086456602669
"364";"2015_2017";"Manhuacu";"31061";0,276059528438307;0,723940471561693;0;63,8029764219153
"365";"2015_2017";"Mantena";"31038";0,288332901062181;0,711667098937819;0;64,416645053109
"366";"2015_2017";"Montes_Claros";"31007";0,533985415282626;0,46004321729922;0,00597136741815396;75,8035656514082
"367";"2015_2017";"Muriae";"31063";0,604315830419076;0,395684169580924;0;80,2157915209538
"368";"2015_2017";"Nanuque";"31016";0,147563713956075;0,852436286043925;0;57,3781856978038
"369";"2015_2017";"Oliveira";"31046";0,699705256206988;0,300294743793012;0;84,9852628103494
"370";"2015_2017";"Ouro_Preto";"31033";0,617422631469631;0,0309597752875666;0,351617593242802;28,1284925870612
"371";"2015_2017";"Para_de_Minas";"31029";0,915972110196985;0,0840278898030148;0;95,7986055098493
"372";"2015_2017";"Paracatu";"31002";0,3108139683795;0,6891860316205;0;65,540698418975
"373";"2015_2017";"Passos";"31047";0,591887501430551;0,408112498569449;0;79,5943750715276
"374";"2015_2017";"Patos_de_Minas";"31020";0,692922223252241;0,307077776747759;0;84,6461111626121
"375";"2015_2017";"Patrocinio";"31019";0,627985770180709;0,372014229819291;0;81,3992885090354
"376";"2015_2017";"Pecanha";"31036";0,472289394906463;0,527710605093537;0;73,6144697453231
"377";"2015_2017";"Pedra_Azul";"31013";0,361111974681498;0,638888025318502;0;68,0555987340749
"378";"2015_2017";"Pirapora";"31006";0,182342756208416;0,817657243791584;0;59,1171378104208
"379";"2015_2017";"Piui";"31042";0,675150046168052;0,324849953831948;0;83,7575023084026
"380";"2015_2017";"Pocos_de_Caldas";"31051";0,903891713741294;0,0905997729624112;0,00550851329629509;94,3683086926204
"381";"2015_2017";"Ponte_Nova";"31060";0,62093134287219;0,37906865712781;0;81,0465671436095
"382";"2015_2017";"Pouso_Alegre";"31052";0,546570831361413;0,453429168638587;0;77,3285415680707
"383";"2015_2017";"Salinas";"31005";0,215119770921842;0,766025177499843;0,0188550515783152;57,9277308093448
"384";"2015_2017";"Santa_Rita_do_Sapucai";"31053";0,304998524941318;0,695001475058682;0;65,2499262470659
"385";"2015_2017";"Sao_Joao_Del_Rei";"31058";0,266086128072746;0,733913871927254;0;63,3043064036373
"386";"2015_2017";"Sao_Lourenco";"31054";0,341373114116565;0,658626885883435;0;67,0686557058282
"387";"2015_2017";"Sao_Sebastiao_do_Paraiso";"31048";0,613874955935333;0,386125044064667;0;80,6937477967666
"388";"2015_2017";"Sete_Lagoas";"31027";0,661813827694175;0,338186172305825;0;83,0906913847087
"389";"2015_2017";"Teofilo_Otoni";"31015";0,218995766187397;0,781004233812603;0;60,9497883093699
"390";"2015_2017";"Tres_Marias";"31024";0,230571966891587;0,769428033108413;0;61,5285983445794
"391";"2015_2017";"Uba";"31064";0,608392652907939;0,391607347092061;0;80,419632645397
"392";"2015_2017";"Uberaba";"31022";0,56880935309697;0,43119064690303;0;78,4404676548485
"393";"2015_2017";"Uberlandia";"31018";0,900529474522135;0,0994705254778648;0;95,0264737261068
"394";"2015_2017";"Unai";"31001";0,484163993638643;0,392315156742769;0,123520849618588;55,6800722391439
"395";"2015_2017";"Varginha";"31050";0,0964455680009746;0,903554431999025;0;54,8222784000487
"396";"2015_2017";"Vicosa";"31062";0,0762489341738643;0,847333561660941;0,076417504165195;42,349821083914
