Municipio,De 0 a 4 anos,De 5 a 9 anos,De 10 a 14 anos,De 15 a 19 anos,De 20 a 24 anos,De 25 a 29 anos,De 30 a 34 anos,De 35 a 39 anos,De 40 a 44 anos,De 45 a 49 anos,De 50 a 54 anos,De 55 a 59 anos,De 60 a 64 anos,De 65 a 69 anos,De 70 a 74 anos,De 75 a 79 anos,De 80 anos ou mais
310010,412,414,446,550,512,483,523,510,531,549,456,395,367,281,214,125,133
310020,1300,1394,1621,1833,1785,1767,1637,1580,1610,1734,1655,1428,1164,894,692,501,571
310030,867,917,1023,1094,1092,990,1018,977,898,917,868,743,625,469,364,302,346
310040,269,282,280,346,322,270,286,285,282,256,251,202,175,141,131,91,124
310050,661,680,809,916,794,675,659,666,667,621,577,513,450,381,331,267,345
310060,1164,1193,1423,1551,1310,1045,946,967,875,849,762,619,557,396,344,253,266
310070,100,107,135,150,166,172,149,140,144,141,139,123,115,87,59,52,54
310080,258,268,288,361,321,303,307,310,286,305,296,277,240,172,115,92,92
310090,1424,1495,1685,1681,1645,1434,1460,1258,1205,1079,997,809,766,632,560,428,438
310100,1014,1053,1195,1227,1240,1107,946,878,796,735,708,603,502,424,314,216,263
310110,1627,1710,1858,1973,1950,1826,1819,1846,1743,1682,1624,1422,1180,943,745,595,761
310120,301,331,426,469,481,430,397,430,418,465,454,412,328,256,216,161,176
310130,159,164,179,219,202,175,175,158,175,228,238,183,148,107,69,63,78
310140,184,185,209,273,243,222,234,230,242,188,164,154,148,95,85,59,70
310150,2113,2250,2483,2804,2724,2513,2637,2542,2404,2443,2444,2143,1660,1253,946,759,1036
310160,4769,4976,5485,6285,6399,6511,6317,5898,5225,5177,5041,4332,3526,2630,1862,1350,1561
310163,436,459,513,555,551,493,493,493,478,492,400,321,265,199,157,104,106
310170,2936,3071,3250,3333,3333,3506,3358,2917,2664,2510,2243,1816,1616,1257,1074,810,890
310180,486,523,621,674,599,529,553,544,493,428,429,361,312,242,220,162,183
310190,1208,1234,1408,1710,1666,1596,1502,1339,1298,1365,1238,1069,882,604,443,346,386
310200,874,900,1021,1115,1065,1085,1068,999,988,957,930,800,680,564,432,341,376
310205,400,400,445,488,465,482,456,418,394,355,333,268,222,150,115,95,114
315350,537,560,633,694,643,652,640,616,548,565,543,481,400,258,200,177,254
310210,636,699,834,969,976,865,808,799,776,854,763,684,582,484,382,295,347
310220,273,296,313,332,342,315,324,291,267,256,289,255,198,154,124,94,122
310230,919,965,1100,1253,1236,1137,1153,1106,996,1045,996,845,703,598,457,374,504
310240,360,349,375,350,313,253,236,224,229,199,170,149,132,78,72,54,66
310250,291,308,358,419,392,313,341,351,328,338,314,285,229,190,152,129,166
310260,2221,2362,2585,3016,3143,3167,3165,2985,2866,2821,2645,2280,1874,1415,1050,807,974
310280,669,729,844,892,912,812,907,952,894,910,882,789,653,519,368,274,312
310285,738,729,878,920,800,679,633,551,454,426,352,291,254,207,159,117,130
310290,638,679,819,929,944,878,848,878,876,819,785,615,506,429,303,206,224
310300,695,701,778,882,814,729,683,686,652,644,591,482,374,277,223,176,161
310310,66,78,104,115,116,109,106,104,111,129,138,104,98,80,69,57,71
310320,140,149,180,200,176,168,161,155,157,176,160,123,101,95,64,52,56
310330,91,103,133,151,156,136,132,136,134,177,158,156,128,94,71,53,72
310340,2709,2808,3019,3276,3384,3048,2906,2500,2331,2176,1972,1561,1264,1088,930,751,967
310350,6723,7145,7898,8753,8995,9368,9065,8804,8228,8419,7697,6353,5180,4056,3004,2226,2384
310360,153,173,205,223,201,158,179,196,214,249,208,184,156,108,83,75,74
310370,583,595,712,770,737,737,722,682,552,492,453,357,301,225,160,137,149
310375,516,513,504,608,608,587,563,526,442,407,298,261,215,184,125,90,88
310380,147,158,163,196,199,160,196,208,237,239,178,162,168,136,105,88,90
310390,625,649,674,722,721,790,715,632,591,556,505,401,297,235,178,133,171
310400,5971,6300,6876,7941,8488,9090,8874,7772,6839,6844,6412,5692,4430,3073,2283,1621,1817
310410,680,723,731,814,888,948,797,720,665,650,581,535,445,324,260,190,228
310420,2167,2335,2524,2951,3069,3286,3387,3042,2782,2862,2668,2237,1737,1293,909,620,684
310430,925,965,985,1088,1196,1201,1153,1069,933,979,933,812,632,522,420,315,350
310440,149,158,179,217,207,227,199,200,180,201,175,185,143,128,110,79,114
310445,433,430,457,462,485,375,376,329,286,285,258,241,176,145,111,75,104
310450,1469,1481,1606,1628,1541,1338,1371,1244,1065,1062,1000,836,691,528,426,320,336
310460,798,845,887,1093,1149,1159,1077,1024,915,982,894,739,614,492,399,271,356
310470,923,980,1140,1185,1132,974,942,915,870,873,818,767,662,523,451,321,402
310480,361,373,406,404,425,364,350,345,324,316,307,243,197,169,143,110,131
310490,1069,1175,1349,1448,1537,1437,1423,1316,1267,1320,1324,1122,936,718,528,390,514
310500,511,541,574,620,646,561,555,508,498,559,560,456,371,297,261,194,241
310510,1137,1256,1485,1774,1800,1790,1677,1608,1719,1852,1775,1489,1185,950,755,601,607
310520,319,337,377,376,366,372,346,343,327,356,307,272,237,209,163,104,139
310530,337,351,399,496,500,464,429,409,401,379,342,309,227,200,139,97,98
310540,2112,2165,2317,2703,2685,2805,2687,2370,2043,1948,1915,1593,1150,758,517,412,492
310550,320,344,388,437,445,390,365,354,365,386,392,334,305,242,193,152,218
310560,7528,8036,9038,10630,10990,10752,10435,9979,9476,9649,9115,8044,6028,4590,3239,2316,2722
310570,305,325,356,403,383,345,355,366,383,406,433,404,345,270,211,182,272
310590,1283,1363,1565,1655,1620,1602,1584,1529,1473,1484,1388,1096,849,666,489,345,355
310600,724,750,817,876,793,807,796,735,657,690,663,530,378,333,247,211,212
310610,226,230,251,275,270,225,215,247,255,273,227,170,151,138,116,79,101
310620,132635,140639,163057,189204,196118,218052,222608,203720,173824,166546,158391,138451,110043,85398,61472,45027,55729
310630,1910,1921,2084,2417,2174,2103,2099,1941,1720,1515,1332,1095,890,655,478,356,444
310640,416,453,509,588,583,545,581,534,542,573,575,457,409,321,230,179,198
310650,815,881,1074,1238,1210,1080,961,855,778,761,623,529,435,328,266,208,214
310665,353,362,383,379,415,412,372,306,276,260,261,221,171,143,103,74,89
310660,432,401,387,404,380,333,332,305,271,260,233,189,179,141,144,101,100
310670,29990,30045,33295,38504,37414,37573,37137,33819,28733,26335,22627,18685,13136,8425,5642,3896,3970
310680,192,210,260,279,242,230,241,251,285,268,257,240,210,169,118,86,105
310690,793,854,931,1088,1067,1035,1087,917,909,970,1003,882,744,610,458,353,471
310700,106,124,158,173,189,177,152,169,188,219,207,173,160,137,115,79,78
310710,2507,2633,3023,3417,3362,3169,2959,2677,2582,2607,2569,2333,1788,1318,1011,726,954
310720,253,276,349,393,398,365,356,401,383,415,378,305,257,179,150,113,124
310730,3591,3706,4156,4412,4516,4441,3894,3581,3122,3059,2686,2209,1693,1273,975,698,736
310740,2852,3064,3570,4004,4117,4064,3776,3574,3413,3484,3225,2691,2039,1541,1174,850,909
310750,361,397,449,512,472,406,440,466,491,489,477,414,344,267,217,176,175
310760,212,229,303,330,323,298,300,301,299,315,288,249,189,160,114,77,89
310770,377,392,445,491,530,487,470,409,334,388,326,301,251,202,159,114,139
310780,969,1033,1111,1195,1183,1088,1088,1081,1034,1050,1026,842,743,601,467,380,431
310790,675,699,806,908,858,850,829,840,783,754,713,577,435,342,234,157,143
310800,969,1034,1246,1363,1350,1269,1273,1336,1239,1211,1241,1105,870,679,510,397,488
310810,309,344,415,474,451,391,455,522,540,582,498,444,421,347,277,209,230
310820,381,394,421,468,469,409,391,410,422,391,380,305,250,228,172,117,147
310825,971,969,1087,1086,1021,870,768,593,532,518,433,394,353,265,224,186,194
310830,1004,1087,1206,1343,1420,1462,1404,1264,1295,1296,1296,1132,894,707,555,441,527
310840,916,929,1013,1228,1140,1100,1141,1086,1058,1029,984,933,767,584,434,337,414
310850,521,544,635,676,634,545,455,398,355,340,348,291,252,175,119,94,99
310870,260,285,333,352,363,269,277,305,327,352,311,256,243,195,151,122,144
310855,1348,1338,1468,1552,1495,1350,1269,1080,976,879,718,606,465,308,244,160,164
310860,2299,2346,2596,2908,2988,2652,2554,2263,1994,1958,1666,1381,1216,1040,838,636,707
310880,279,302,388,420,400,345,335,337,329,333,308,259,216,185,177,161,202
310890,856,891,1012,1183,1159,1008,1018,1110,1064,953,943,867,762,620,456,361,452
310900,2305,2384,2718,3159,3066,3057,2911,2875,2722,2734,2457,1961,1529,1162,816,572,674
310910,621,660,702,820,808,790,778,821,838,793,808,680,585,472,346,259,269
310920,669,685,783,916,973,904,783,778,666,634,590,493,435,366,297,214,242
310925,281,297,313,324,346,287,283,277,272,274,253,196,178,133,129,107,120
310930,2015,2025,2214,2274,2112,1883,1913,1797,1504,1391,1201,980,858,643,444,330,338
310940,2362,2357,2556,2619,2567,2448,2299,2051,1700,1517,1356,1177,916,653,467,316,347
310945,523,530,592,612,569,466,494,509,489,469,367,330,258,194,139,102,101
310950,875,890,993,1114,1235,1240,1162,1088,1007,960,858,789,557,442,320,257,289
310960,188,203,235,270,275,281,265,292,257,261,265,225,172,157,128,89,104
310970,723,748,805,903,822,800,811,831,777,817,794,670,561,462,338,254,262
310270,712,720,808,821,767,674,660,642,572,570,508,452,374,322,251,195,207
310980,189,192,196,219,198,211,183,197,189,183,171,129,92,81,56,53,76
310990,625,658,709,909,953,907,839,728,738,841,804,681,503,374,254,207,230
311000,2715,2882,3169,3520,3368,3443,3529,3281,2887,2895,2830,2348,1879,1442,1085,824,867
311010,380,394,434,473,466,439,396,375,387,335,314,241,198,128,108,91,99
311020,237,256,285,338,330,311,310,293,244,250,263,262,194,142,133,90,122
311030,782,839,897,992,1038,963,980,977,1009,1074,1065,915,786,635,469,341,393
311040,161,174,216,235,242,251,246,242,222,216,195,184,150,124,84,63,66
311050,1365,1433,1622,1833,1817,1703,1760,1648,1508,1452,1327,1167,932,772,508,380,378
311060,1549,1623,1846,2181,2166,2254,2272,2098,2037,1964,1865,1668,1386,1113,804,638,683
311070,743,792,938,1069,1074,957,898,841,814,852,851,803,640,512,348,292,401
311080,237,259,334,362,329,260,251,244,260,241,206,183,142,113,103,73,74
311090,1008,1071,1264,1401,1369,1297,1182,1095,1064,1083,1031,946,735,519,400,295,388
311100,1226,1291,1512,1752,1669,1534,1538,1559,1532,1488,1406,1224,1041,804,582,411,492
311110,1061,1139,1249,1404,1477,1453,1437,1457,1434,1523,1475,1243,958,791,633,452,523
311115,279,285,325,353,317,261,257,246,231,211,206,192,180,136,108,91,104
311120,3042,3217,3603,4002,3897,4138,4168,4068,3704,3552,3518,3314,2755,2056,1520,1172,1465
311130,723,756,867,924,913,836,854,836,808,821,784,790,569,410,299,229,253
311140,583,590,656,726,658,640,657,575,498,431,413,316,225,201,130,113,109
311150,1077,1111,1232,1285,1268,1305,1275,1124,1040,930,813,715,595,394,302,227,226
311160,1878,1930,2244,2461,2279,2069,2140,2160,2068,1944,1781,1546,1230,942,718,472,548
311190,307,338,408,400,420,438,442,400,387,341,376,375,318,238,173,133,158
311170,255,267,296,348,389,369,377,350,327,321,292,271,217,173,138,110,145
311180,750,769,804,995,1015,1118,1020,942,813,786,723,565,470,353,274,180,226
311200,726,776,944,1100,1109,1160,1136,1106,1076,1093,1013,961,820,601,451,348,453
311205,371,362,354,379,420,396,316,298,251,223,210,190,175,136,105,88,113
311210,394,406,508,546,463,483,438,397,364,342,263,246,181,123,81,61,69
311220,254,278,328,355,333,327,327,326,334,390,347,276,251,181,152,121,176
311230,3077,3036,3416,3773,3537,3384,3026,2642,2248,1972,1743,1424,1105,784,623,435,446
311240,466,480,548,585,580,549,569,505,441,437,381,383,342,282,197,159,179
311250,574,601,724,803,810,771,754,708,587,612,606,503,402,269,234,172,237
311260,1058,1121,1166,1228,1279,1259,1203,1207,1128,1130,1003,802,653,529,437,311,331
311265,437,440,409,400,404,400,373,348,319,323,321,263,228,178,147,105,127
311270,1225,1253,1450,1540,1517,1267,1112,969,877,847,709,593,430,340,276,214,197
311280,485,517,587,650,627,614,640,648,663,608,614,509,424,317,194,154,218
311290,698,711,773,796,738,710,682,665,611,583,540,453,365,281,234,176,226
311300,2089,2103,2242,2196,2039,1844,1634,1370,1221,1230,1089,976,890,662,577,487,529
311310,187,206,246,275,265,230,226,223,236,234,235,184,159,110,95,79,83
311320,1474,1586,1846,2037,2126,1969,1895,1814,1712,1787,1675,1407,1075,802,554,393,453
311330,1931,2030,2335,2694,2616,2501,2476,2337,2197,2235,2206,1958,1634,1261,884,703,941
311340,5997,6248,6997,7499,7255,7386,7259,6825,6136,5797,5205,4505,3732,2710,2124,1657,1881
311350,635,664,763,861,904,755,735,655,602,620,551,409,342,276,216,172,196
311360,448,467,522,535,490,471,500,472,475,439,391,373,292,232,170,133,160
311370,1232,1300,1447,1640,1664,1584,1455,1374,1299,1274,1172,1059,882,722,586,441,579
311380,183,192,221,224,193,187,168,181,178,157,163,120,119,87,72,51,59
311390,909,907,978,1089,1062,943,899,811,800,789,755,624,497,371,254,199,219
311400,626,678,843,942,880,822,866,855,806,824,731,623,501,408,320,249,312
311410,1077,1069,1173,1334,1231,1152,1132,1040,953,899,840,716,581,407,299,219,271
311420,1395,1429,1599,1903,1756,1696,1683,1654,1570,1505,1358,1089,831,682,479,334,372
311430,1731,1857,2114,2423,2404,2221,2293,2274,2261,2214,2083,1783,1417,1095,836,591,706
311440,1281,1346,1450,1632,1673,1616,1650,1646,1497,1456,1458,1185,968,733,538,414,451
311450,1091,1152,1407,1566,1519,1545,1441,1372,1331,1300,1146,964,718,587,413,355,361
311455,583,617,703,750,767,819,821,784,734,663,608,527,441,359,247,174,222
311460,245,259,290,313,329,277,279,259,255,282,296,253,216,156,122,103,99
311470,214,218,250,289,236,238,239,221,229,257,229,217,188,145,103,84,125
311480,195,225,286,350,377,336,302,304,315,385,368,292,250,190,145,110,136
311490,128,137,169,192,177,168,192,178,177,160,133,111,91,92,65,49,53
311500,193,190,189,224,196,198,201,233,227,228,210,174,140,132,115,67,68
311510,1067,1142,1320,1407,1447,1286,1281,1227,1196,1148,1151,1106,931,711,506,376,433
311530,3938,4231,4764,5515,5725,5786,5637,5391,5127,5265,5189,4460,3528,2722,2109,1574,1936
311535,355,362,421,468,425,403,400,436,371,351,299,252,185,147,103,73,85
311540,226,238,280,323,327,307,299,264,238,221,189,172,144,120,94,61,76
311545,580,594,651,649,608,524,470,428,374,355,316,276,225,172,132,109,131
311547,355,374,421,461,482,391,363,348,342,348,308,239,203,157,133,96,80
311550,1257,1357,1500,1660,1678,1529,1636,1527,1479,1496,1493,1388,1146,897,708,506,643
311560,63,67,87,97,81,77,81,79,95,73,84,76,69,51,45,44,32
311570,414,461,522,538,524,481,491,512,486,485,476,400,331,259,224,166,188
311580,657,690,731,838,814,827,758,761,712,706,662,584,480,400,320,243,257
311590,145,152,210,258,230,189,186,190,203,246,239,199,161,119,100,81,76
311600,356,360,425,473,449,460,454,420,384,363,361,313,281,189,148,121,171
311610,1257,1320,1545,1624,1601,1446,1211,988,870,790,676,565,494,368,273,200,189
311615,1207,1145,1217,1275,1284,1246,1036,744,603,522,470,402,353,237,202,133,145
311620,182,187,207,224,196,213,171,184,177,195,195,157,141,116,92,59,72
311630,375,401,493,586,610,597,510,473,433,449,443,318,251,238,197,157,191
311640,340,352,374,392,394,381,361,319,297,280,289,280,225,167,120,81,67
311650,494,516,562,647,686,616,548,557,550,517,458,393,334,276,234,181,182
311660,1833,1876,2127,2345,2371,2426,2365,2230,1930,1766,1592,1289,1020,735,538,410,471
311670,432,466,560,605,549,526,563,545,494,529,492,418,331,272,188,149,234
311680,692,704,797,856,810,755,648,651,556,526,427,405,344,273,247,174,181
311690,224,234,218,228,238,272,271,218,200,202,226,157,114,91,69,48,55
311700,537,585,646,684,669,536,530,503,465,479,424,377,343,297,259,184,240
311710,703,744,776,765,782,809,772,747,689,680,620,555,449,343,246,189,264
311520,213,233,297,348,321,316,305,311,294,301,253,201,167,147,109,88,90
311730,2011,2014,2137,2378,2334,2534,2311,1941,1700,1536,1317,1025,780,550,376,264,272
311720,145,154,182,210,207,221,224,208,222,219,189,163,137,100,81,57,86
311740,294,312,316,311,321,310,333,331,355,341,299,256,210,168,150,120,127
311750,1347,1383,1569,1651,1656,1401,1274,1161,1063,1058,980,845,712,551,452,350,482
311760,338,355,388,407,407,409,413,395,370,373,341,290,253,207,161,117,145
311770,950,961,1074,1184,1080,1008,977,898,867,878,815,727,579,454,378,279,283
311780,782,800,854,957,931,897,856,800,806,761,668,581,439,341,234,170,177
311783,548,583,710,717,695,596,539,460,428,381,355,323,286,276,197,143,195
311787,379,397,486,586,568,509,516,529,497,424,400,319,245,163,139,97,103
311790,612,641,748,836,841,863,922,859,859,828,777,692,544,430,320,221,254
311800,3375,3509,3805,4501,4660,4610,4574,3922,3458,3573,3303,2760,1984,1407,946,704,755
311810,357,375,447,471,456,355,364,349,308,277,259,228,220,183,146,114,129
311820,414,441,505,533,572,536,553,485,457,443,440,382,321,251,171,112,163
311830,7349,7769,8595,9848,10365,11066,10766,9420,8155,8271,8210,7136,5441,3938,2727,1900,2218
311840,1560,1642,1799,1959,1806,1665,1594,1569,1530,1492,1367,1220,1040,823,641,479,588
311850,102,109,127,141,136,116,110,121,114,133,126,108,88,83,61,51,50
311860,40164,41509,46618,53562,54396,58017,59134,54212,46563,42908,38047,32401,24456,17453,11818,8017,7919
311870,555,595,724,804,755,696,651,618,631,618,632,562,456,330,243,218,235
311880,2024,2017,2108,2369,2404,2204,2073,1833,1640,1674,1490,1220,1015,835,655,470,521
311890,471,501,574,660,743,718,673,652,609,624,566,520,450,344,286,222,242
311900,256,261,277,306,284,254,257,229,242,229,218,193,160,130,93,62,65
311910,1560,1662,1878,2013,1910,1808,1780,1651,1561,1585,1586,1386,1118,809,648,514,601
311920,614,657,838,952,880,788,756,678,671,613,581,552,423,349,339,254,301
311930,1623,1689,1934,2193,2171,2108,2121,2091,2142,2168,1941,1649,1362,1021,755,514,535
311940,6916,7258,8101,9040,8867,9208,9046,8227,7350,7214,6750,5891,4423,3185,2342,1786,1931
311950,623,655,758,817,828,762,744,618,551,538,530,478,358,284,243,206,263
311960,160,172,201,234,239,231,224,226,203,242,230,189,148,120,90,66,85
311970,222,235,230,253,265,233,256,276,235,235,247,181,148,135,94,77,73
311980,164,188,239,231,220,217,215,215,243,240,257,222,189,173,139,94,99
311990,174,191,213,241,256,256,213,260,248,278,275,262,243,219,164,126,137
311995,332,360,443,475,491,486,547,520,453,447,405,313,263,186,149,122,104
312000,212,224,233,221,239,223,217,212,185,193,203,172,144,111,68,56,83
312010,303,311,334,407,406,341,302,299,285,280,256,210,169,135,109,90,103
312015,538,515,574,622,602,496,472,431,380,370,302,252,203,202,167,143,137
312020,824,849,888,950,936,1049,1013,922,811,743,710,626,525,406,317,250,268
312030,560,565,677,690,622,543,437,348,309,276,226,185,147,116,78,59,76
312040,353,374,438,442,434,394,412,423,326,343,298,252,208,154,107,87,77
312050,606,644,730,828,836,818,748,750,748,755,698,566,457,392,295,210,246
312060,281,307,350,371,346,339,381,353,369,384,330,284,242,189,143,115,146
312070,316,322,334,363,343,304,284,276,302,282,233,186,158,115,89,74,90
312080,851,906,1117,1326,1308,1127,1062,972,1045,1098,1021,895,697,554,431,347,356
312083,365,381,391,413,399,381,358,341,331,318,293,249,194,154,108,87,102
312087,614,604,707,710,661,616,549,504,421,403,342,322,273,216,170,110,131
312090,4916,5216,6036,6638,6764,6478,6102,5560,5299,5292,4800,3895,3097,2425,1853,1425,1736
312100,393,407,449,500,506,418,367,345,349,363,317,272,191,145,123,95,114
312110,473,512,609,724,631,578,570,540,607,646,597,466,385,250,188,137,162
312120,442,464,530,584,577,485,537,528,532,491,458,397,326,238,177,121,141
312125,844,840,824,838,893,1052,924,799,575,463,342,290,209,151,111,62,65
312130,289,299,342,400,412,389,408,318,303,334,311,288,255,177,137,115,150
312140,378,421,464,522,550,517,522,484,506,520,510,428,353,321,264,199,223
312150,162,167,184,215,232,219,211,231,218,226,214,184,150,125,90,69,96
312160,3061,3254,3775,4353,4616,4438,3861,3366,3016,2994,2744,2090,1623,1248,984,788,967
312170,235,245,305,315,320,253,222,259,267,252,221,230,184,156,123,108,171
312180,455,489,576,650,670,634,656,573,590,585,570,465,391,341,257,197,268
312190,240,251,246,258,283,250,247,218,216,239,241,211,144,98,76,73,92
312200,1428,1477,1710,1681,1594,1513,1461,1395,1304,1281,1203,1018,853,566,450,339,415
312210,341,371,374,395,390,332,335,321,344,360,298,271,237,191,173,115,158
312220,535,552,611,696,748,613,525,450,415,445,415,336,289,211,175,145,182
312230,12743,13677,15510,17977,18674,19758,19409,18480,16506,16192,15467,12763,9701,7202,4968,3664,3931
312235,552,564,664,603,587,554,493,437,379,348,304,219,197,168,111,86,87
312240,440,445,465,514,509,462,412,417,378,348,363,302,254,200,153,133,139
312245,735,759,805,902,936,894,828,695,626,606,522,401,381,304,223,172,205
312247,245,262,316,333,338,271,276,262,256,278,251,197,176,111,89,65,64
312250,296,325,389,418,386,357,341,348,322,336,324,307,273,244,190,159,184
312260,312,319,368,399,387,330,309,303,284,270,276,224,211,167,132,114,144
312270,243,270,312,376,362,326,355,355,375,420,402,329,263,241,225,179,234
312280,164,174,193,235,221,200,222,226,230,237,227,194,152,115,95,79,63
312290,376,394,472,542,541,493,482,457,455,467,436,345,253,196,146,115,151
312300,570,609,687,780,821,725,751,714,715,766,725,567,441,351,235,156,168
312310,339,361,448,439,443,373,354,363,347,367,330,261,221,169,152,148,136
312320,688,767,941,1040,997,838,896,937,998,1021,1013,837,740,629,520,436,483
312330,213,244,341,357,363,300,282,316,306,310,322,272,223,189,150,104,122
312340,99,105,107,109,122,101,113,110,128,95,94,90,71,60,34,22,34
312350,111,118,122,123,144,147,126,138,156,144,132,100,107,87,59,39,37
312352,588,592,693,738,676,647,625,544,485,462,429,359,257,190,142,127,133
312360,1836,1905,2092,2250,2183,2069,2068,1946,1742,1740,1720,1477,1204,916,658,466,500
312370,772,807,955,1028,910,843,768,757,667,696,612,508,417,334,251,201,246
312380,535,535,565,653,627,566,565,525,469,465,428,372,277,233,175,128,130
312385,329,345,412,435,408,406,382,393,357,342,348,262,252,184,153,138,154
312390,860,905,1026,1192,1178,1152,1172,1152,1049,1083,942,811,678,565,440,312,348
312400,1202,1255,1410,1506,1590,1625,1516,1387,1248,1166,1098,977,778,576,431,354,438
312410,5010,4996,5725,6423,5984,5031,4821,4846,4492,4323,3824,3211,2412,1693,1269,917,891
312420,1606,1674,1936,2106,1981,1964,1959,1761,1587,1549,1465,1328,1035,724,536,372,455
312430,2269,2331,2517,2745,2992,2874,2584,2085,1897,1830,1693,1483,1221,984,791,598,760
312440,245,258,301,361,349,328,329,327,347,355,322,275,242,195,144,103,112
312450,620,660,764,885,874,903,871,819,825,830,745,655,521,419,328,231,235
312460,142,152,161,177,213,171,159,151,164,166,162,165,119,112,84,60,79
312470,181,200,238,261,239,230,236,242,265,265,258,235,186,173,133,93,109
312480,472,503,579,665,641,641,612,563,513,567,537,400,327,245,189,150,159
312490,662,689,736,801,827,899,861,822,742,730,730,638,523,437,296,232,355
312500,265,277,307,358,346,313,280,275,275,277,248,185,147,109,80,59,63
312510,2108,2160,2408,2793,2835,3070,2879,2557,2138,2014,1801,1612,1262,991,739,495,493
312520,118,128,154,154,161,164,137,158,174,201,180,179,149,101,90,55,83
312530,227,229,253,263,267,231,199,223,214,214,222,199,167,129,100,88,123
312540,353,378,434,472,446,322,339,316,318,360,299,219,184,165,146,121,144
312560,510,541,608,678,631,512,443,461,446,462,404,317,305,290,235,169,198
312570,962,993,1139,1238,1223,1168,1063,1092,1006,996,959,814,679,503,368,290,322
312580,193,213,241,275,288,227,225,207,223,212,227,171,148,105,106,80,102
312590,649,680,784,850,782,686,710,721,742,742,723,524,487,376,335,322,370
312595,849,862,958,994,932,883,876,798,683,647,562,506,373,300,207,156,165
312600,378,416,530,604,639,566,508,519,500,501,468,380,295,263,205,144,159
312610,3388,3714,4425,5077,5336,5487,5419,5034,4782,5028,4715,4020,3258,2414,1903,1369,1574
312620,779,763,758,826,937,782,725,622,509,488,458,359,276,211,150,119,127
312630,275,281,326,359,336,345,323,289,281,299,282,267,193,155,118,77,76
312640,189,194,218,252,229,230,214,210,211,180,176,133,115,91,83,57,61
312650,531,607,839,896,978,1041,877,677,623,605,569,501,439,359,307,229,311
312660,418,408,422,464,457,397,399,367,322,279,270,227,197,151,92,88,114
312670,1894,1925,2128,2385,2362,2187,2052,1782,1567,1611,1398,1126,1018,847,601,453,447
312675,432,431,513,527,500,438,394,387,332,327,294,286,241,173,147,103,147
312680,497,483,517,513,513,452,436,392,347,364,317,247,215,173,159,130,183
312690,698,722,828,855,800,691,661,658,645,598,523,419,335,268,239,185,199
312695,260,273,322,312,299,297,280,262,218,183,155,147,126,86,80,67,63
312700,1302,1312,1238,1360,1400,1486,1457,1261,1028,977,803,715,573,435,295,196,192
312705,332,353,378,389,384,308,348,308,286,282,267,226,217,199,165,120,123
312707,542,540,562,552,490,422,403,318,268,266,264,260,246,203,148,135,120
312710,3541,3740,3918,4426,4828,5120,4840,4437,3933,3851,3591,2968,2356,1824,1343,974,1056
312720,297,304,340,347,328,310,303,295,271,286,256,219,149,141,107,83,83
312730,457,475,582,618,536,443,484,506,479,471,424,394,329,269,204,124,165
312733,375,381,379,454,503,416,382,362,315,317,315,279,204,188,128,77,101
312735,211,221,243,273,237,242,234,221,215,190,173,142,135,114,95,64,67
312737,238,239,233,249,266,228,233,224,218,217,202,191,139,120,77,68,78
312738,215,233,258,275,276,263,229,278,243,309,300,227,221,157,120,98,133
312740,243,252,301,363,304,301,285,326,323,342,318,255,218,186,139,88,78
312750,457,472,553,611,558,482,446,370,349,368,335,299,248,174,140,103,123
312760,696,747,869,1042,1072,1051,924,786,776,804,723,640,523,400,285,230,296
312770,18254,19317,21648,23622,22674,22695,22274,20528,18290,18226,16181,13696,11049,8496,6445,4847,5457
312780,1209,1217,1453,1615,1563,1396,1212,1054,907,875,753,608,514,405,292,205,266
312790,87,88,87,94,94,106,102,96,115,104,98,82,66,50,53,36,36
312800,2090,2198,2745,3148,3107,2772,2630,2470,2114,2044,1834,1579,1250,964,776,560,685
312810,857,893,1064,1158,1135,1088,1048,1069,1011,1023,945,846,644,494,349,253,304
312820,553,603,732,781,743,876,799,699,682,685,689,660,501,409,341,273,346
312825,357,357,350,408,427,420,395,371,312,329,288,243,195,155,117,82,75
312830,1097,1137,1328,1691,1628,1599,1530,1384,1318,1274,1243,1055,858,641,464,357,437
312840,514,540,595,693,748,704,640,561,611,646,611,517,403,330,261,206,291
312850,231,249,295,318,325,281,297,288,236,270,264,215,191,143,109,81,115
312860,482,479,516,599,568,525,472,488,512,487,416,319,244,199,144,104,84
312870,2873,3053,3477,4011,4192,4207,4057,3735,3564,3565,3477,3087,2442,1842,1334,958,1182
312880,412,431,483,577,601,513,519,503,486,528,515,440,343,266,210,157,236
312890,492,540,630,656,651,569,559,517,536,530,477,406,330,274,219,148,156
312900,458,488,559,639,629,639,648,595,581,631,634,562,467,365,271,217,268
312910,323,338,369,421,368,315,367,451,461,476,438,378,365,297,246,189,170
312920,409,418,436,504,503,470,472,456,431,454,438,385,336,241,174,111,143
312930,690,718,824,962,898,785,794,744,744,750,642,521,469,362,297,220,269
312940,332,345,348,427,426,357,357,392,384,371,331,266,221,189,152,93,89
312950,1565,1611,1737,2003,1990,2090,2073,1912,1666,1629,1648,1392,994,716,531,388,407
312960,669,656,693,760,770,696,675,571,466,452,440,367,290,227,151,137,150
312965,462,472,550,619,583,511,449,373,316,374,303,278,207,197,156,118,151
312970,1005,969,983,1131,1192,1139,1071,973,875,795,719,660,517,374,268,198,186
312980,13095,12993,14660,16772,15780,15289,14816,14213,12103,10754,8922,7356,5204,3447,2269,1516,1407
312990,174,197,259,275,264,262,251,251,250,248,225,213,191,139,101,82,82
313000,197,205,256,240,235,220,197,222,209,179,178,161,134,109,87,58,64
313005,944,945,1048,1143,1232,1158,1010,764,609,523,479,395,350,266,209,158,186
313010,2829,2841,3216,3516,3354,3318,3223,3082,2774,2468,2224,1839,1384,1063,784,510,503
313020,696,737,835,920,941,916,831,785,696,623,585,435,367,271,181,129,135
313030,409,435,478,571,688,698,612,560,566,609,619,526,434,311,237,158,161
313040,383,418,509,549,537,488,513,469,423,431,373,309,263,197,142,104,124
313050,803,829,950,1085,1027,945,910,824,809,800,736,627,547,370,285,223,237
313055,502,509,577,570,554,531,500,507,474,410,384,328,266,195,157,119,123
313060,371,395,479,591,546,545,560,589,571,535,513,420,336,265,186,116,151
313065,511,521,637,751,688,571,539,470,438,441,424,353,309,252,199,145,164
313070,476,484,534,585,588,564,532,511,472,422,400,286,234,177,132,93,81
313080,162,169,193,245,222,197,198,206,209,206,181,151,117,97,69,49,47
313090,1497,1605,1875,2023,1915,1742,1780,1794,1714,1687,1598,1297,1136,844,685,581,694
313100,346,382,509,557,530,515,502,449,385,378,363,346,260,184,137,92,115
313110,457,481,563,666,645,581,556,511,466,470,438,374,305,248,196,135,178
313115,1402,1410,1580,1714,1673,1534,1388,1376,1115,1023,871,751,612,419,341,259,271
313120,1192,1260,1410,1474,1481,1446,1469,1402,1306,1279,1145,1053,924,733,547,439,561
313130,16033,16915,18504,20779,21251,22804,22509,20260,17252,16412,15347,14167,11081,7247,4878,3566,3755
313140,243,258,289,317,344,331,319,316,268,300,276,221,197,175,146,102,98
313150,564,608,699,760,811,768,740,771,769,774,678,573,438,344,263,154,156
313160,507,506,519,589,568,530,545,490,497,480,385,338,250,195,167,103,99
313170,7242,7623,8276,9463,9679,10026,9908,9386,8168,8007,7342,5998,4622,3378,2472,1816,2152
313180,789,802,841,924,855,934,949,902,747,655,638,539,463,361,288,223,262
313190,3144,3292,3580,4071,4138,4411,4246,3911,3342,3170,3040,2534,1936,1424,969,730,889
313200,329,353,442,498,495,471,448,390,303,315,268,236,194,175,140,84,78
313210,1639,1602,1754,1931,1745,1496,1271,1206,1018,1004,808,660,546,452,382,273,308
313220,737,775,902,1038,1013,998,1025,1032,956,919,855,704,590,433,364,277,326
313230,1134,1118,1301,1293,1145,1096,970,862,700,579,471,436,355,276,241,174,203
313240,5622,5904,6554,7691,8030,8238,7705,6928,6363,6405,6265,5371,4139,3125,2209,1733,2110
313250,2727,2756,3148,3311,3227,3043,2756,2357,1995,1823,1671,1303,1056,849,668,444,528
313260,198,207,239,314,364,366,309,295,300,355,310,264,220,161,121,103,119
313270,1794,1829,2026,2155,2007,1844,1663,1507,1308,1324,1292,1047,826,712,629,552,705
313280,131,139,144,170,177,148,144,148,148,163,166,137,110,88,77,56,68
313290,550,605,716,827,871,813,774,702,667,710,784,695,542,375,284,216,250
313300,931,976,1065,1196,1243,1248,1230,1153,1010,1009,992,812,669,467,320,241,298
313310,943,989,1038,1137,1245,1150,1202,1110,1052,1050,1026,814,645,512,366,255,309
313320,843,879,893,994,975,931,833,788,844,827,760,603,558,453,367,265,331
313330,1548,1589,1774,1900,1777,1669,1599,1466,1247,1272,1185,985,851,740,614,456,567
313340,733,750,881,1077,1179,1407,1358,1196,1150,1051,922,771,601,472,392,280,295
313350,1149,1228,1351,1558,1656,1608,1526,1539,1570,1579,1469,1335,1183,971,757,565,722
313360,572,599,673,744,759,789,764,703,646,607,555,491,454,347,238,159,160
313370,730,745,828,990,918,828,816,825,752,676,618,517,441,340,254,159,145
313375,879,957,1110,1235,1292,1275,1144,1068,1053,1185,1130,968,726,572,414,311,305
313380,5132,5440,6270,7353,7564,7674,7533,7033,6407,6496,6114,5088,3880,2842,1986,1411,1623
313390,360,394,471,475,484,433,411,402,369,386,352,320,247,184,153,108,135
313400,1147,1181,1371,1428,1269,1203,1089,960,867,777,711,626,574,498,397,319,399
313410,336,371,457,487,469,398,408,457,408,423,409,346,306,237,192,131,154
313420,5947,6334,6781,7942,8277,8315,7795,7716,7233,7140,6388,5504,4567,3771,2958,2281,2608
313430,357,370,427,492,505,478,468,459,414,428,410,348,297,229,179,136,151
313440,2292,2440,2874,3248,3238,3333,3169,2947,2718,2535,2194,1725,1383,1023,736,537,596
313450,213,226,268,308,317,300,257,269,291,313,285,244,199,136,122,73,74
313460,1167,1214,1372,1563,1417,1361,1384,1343,1313,1290,1186,1041,904,673,567,416,464
313470,927,948,939,958,957,886,886,797,809,795,714,619,561,481,406,288,372
313480,459,480,560,605,557,571,586,538,495,502,499,481,433,303,224,164,204
313490,1639,1693,1795,1924,2050,2119,2022,1893,1752,1652,1512,1275,980,730,504,412,507
313500,193,207,237,243,259,244,249,212,200,202,200,194,143,105,74,53,70
313505,3417,3338,3492,3763,3766,3493,3228,2443,1980,1838,1446,1237,994,746,536,325,295
313507,414,420,442,501,458,389,353,340,332,316,303,260,196,162,129,113,143
313510,5195,5314,6022,6590,6595,6321,5942,5195,4394,4133,3564,2939,2316,1806,1321,946,1084
313520,5570,5618,5859,6308,6230,5664,5152,4282,3665,3671,3592,2985,2457,1991,1521,1130,1460
313530,308,321,346,354,348,365,349,330,293,273,237,184,167,114,69,51,56
313535,585,594,728,846,872,743,650,532,491,484,433,414,337,278,203,155,159
313540,280,301,366,417,374,399,397,384,397,391,376,322,245,191,147,117,125
313545,549,589,741,744,794,752,624,471,425,370,338,264,214,195,140,112,128
313550,786,829,923,1023,1008,937,947,948,831,850,787,713,607,507,386,308,377
313560,514,534,609,705,728,627,571,515,516,523,485,418,333,248,202,159,183
313570,317,327,369,414,447,415,363,389,386,343,313,269,245,202,148,132,154
313580,1977,2045,2204,2163,1935,1805,1785,1661,1508,1482,1341,1182,994,856,734,570,704
313590,236,266,348,397,398,355,359,376,341,333,344,293,244,188,143,91,113
313600,1314,1326,1393,1380,1293,1111,1015,959,910,881,770,667,598,551,429,338,380
313610,269,292,370,444,372,316,316,333,357,366,346,309,250,218,189,156,189
313620,4511,4870,5503,6261,6036,6251,6215,5790,5221,5534,5418,4448,3436,2746,1939,1393,1642
313630,3393,3498,4008,4480,4367,4014,3796,3444,3301,3075,2658,2105,1677,1288,922,643,679
313640,304,321,338,369,398,378,333,305,262,288,269,225,213,195,131,86,110
313650,719,775,915,948,1000,832,748,704,618,626,609,491,465,375,314,258,253
313652,399,379,413,494,495,466,401,345,255,227,171,155,133,88,63,43,48
313655,329,345,402,420,406,366,357,314,299,283,258,178,214,160,131,121,118
313657,465,461,503,512,451,384,338,266,215,232,208,197,167,114,99,64,73
313665,1778,1795,2036,2221,2176,2134,2122,1858,1697,1495,1402,1189,924,655,470,326,288
313670,29392,31648,36217,42254,44599,46183,44398,40961,36501,38063,37580,33398,26603,20219,13869,10329,13148
313680,290,302,355,392,369,352,329,345,284,250,226,200,182,138,110,68,62
313690,642,647,757,901,934,913,812,721,641,643,572,498,416,303,213,163,157
313695,482,500,555,547,552,461,407,361,342,321,305,268,207,152,119,92,102
313700,1649,1655,1826,1771,1593,1438,1277,1130,906,896,792,671,595,470,379,291,333
313710,405,440,516,574,530,509,519,581,636,592,525,481,430,337,254,175,178
313720,3082,3225,3754,4272,4286,4256,4107,3960,3582,3400,3118,2558,1866,1342,992,691,766
313730,314,325,362,412,406,353,339,300,251,229,199,164,158,143,90,77,90
313740,879,917,1038,1091,1080,1026,1097,1016,805,809,772,632,477,372,286,207,217
313750,982,1074,1250,1351,1427,1267,1242,1320,1392,1347,1171,997,876,669,553,401,419
313753,609,647,793,833,796,747,728,713,680,607,534,388,341,256,215,124,117
313760,3677,3810,4447,5059,4708,4902,4903,4704,4288,4122,3810,3113,2289,1644,1185,853,995
313770,1427,1450,1636,1705,1638,1716,1684,1452,1330,1224,1039,989,821,586,465,348,438
313780,1308,1376,1471,1578,1608,1465,1513,1410,1359,1416,1363,1176,964,781,588,429,518
313790,225,236,263,265,238,243,240,266,246,225,217,193,165,129,121,87,100
313800,332,353,396,473,481,516,535,524,427,462,479,436,364,312,204,164,229
313810,510,506,575,643,584,508,487,435,392,398,386,333,260,184,140,104,117
313820,5614,6025,6979,8005,8353,8570,8318,7470,6621,6797,6366,5702,4422,3179,2238,1682,2048
313830,209,215,242,248,264,276,251,212,210,200,195,174,171,115,97,76,93
313835,336,366,476,467,482,468,406,359,290,303,242,193,158,107,93,80,78
313840,3063,3260,3655,4016,4095,3989,3946,3836,3661,3644,3364,2972,2552,2074,1542,1195,1441
313850,290,311,344,406,359,345,347,410,404,405,368,327,265,239,176,139,138
313860,955,1024,1175,1274,1279,1144,1144,1199,1166,1262,1226,1006,796,634,487,354,436
313862,432,467,548,614,655,649,619,548,499,512,474,380,257,193,157,121,128
313865,636,637,735,817,826,743,724,567,504,488,459,403,362,283,238,163,199
313867,476,479,546,565,520,529,500,425,424,409,373,294,223,183,136,113,116
313868,553,555,637,658,613,561,514,431,397,362,305,256,216,179,137,114,112
313870,357,368,413,462,424,382,414,385,400,390,376,304,260,204,155,98,95
313880,1012,1091,1273,1403,1492,1444,1323,1317,1285,1303,1212,1018,861,686,516,357,400
313890,513,541,577,577,546,518,541,495,475,430,389,331,294,257,236,170,217
313900,2799,2891,3193,3506,3448,3366,3216,2945,2716,2684,2510,2159,1721,1238,879,619,753
313910,307,313,317,408,400,358,372,372,334,392,375,297,221,192,137,113,133
313920,1329,1386,1672,1825,1687,1459,1276,1236,1161,1090,1053,879,838,626,501,385,504
313925,343,376,424,490,528,478,483,458,445,448,461,373,307,286,229,179,177
313930,1587,1654,1950,1951,1720,1460,1344,1224,1139,1093,989,823,679,560,441,329,428
313940,6632,6725,7238,7459,7285,7230,7120,6420,5580,5359,4699,3892,3113,2230,1544,1218,1475
313950,1569,1602,1818,1926,1820,1741,1713,1635,1460,1423,1324,1125,937,658,521,429,498
313960,1788,1900,2081,2195,2067,2163,2147,2078,1936,1864,1665,1481,1254,928,744,591,743
313980,731,757,840,1024,1041,1013,944,855,825,878,815,699,559,440,343,269,318
313970,546,559,603,654,707,626,571,574,570,514,472,344,284,210,145,105,121
313990,910,953,1112,1253,1244,1108,1017,985,1009,1017,928,797,618,481,346,233,292
314000,3876,3998,4496,5275,5424,5452,5210,4557,3815,3630,3303,2649,2030,1478,991,722,816
314010,303,317,396,405,374,338,293,271,258,253,209,189,158,133,111,82,124
314015,1084,1092,1226,1337,1328,1195,1184,1110,994,975,792,648,482,322,238,158,171
314020,177,188,181,231,228,203,214,195,205,205,193,158,144,120,87,78,93
314030,260,276,311,334,306,270,312,302,257,287,268,217,173,154,118,98,122
314040,157,169,189,254,250,220,213,189,209,222,220,166,138,105,85,61,54
314050,790,830,1000,1081,1079,1016,971,953,952,944,827,714,580,448,324,273,309
314053,594,609,677,677,716,636,634,557,494,482,419,359,309,225,152,122,149
314055,592,606,744,799,750,677,645,570,531,484,401,338,305,276,224,142,193
314060,327,336,363,438,408,325,338,284,276,282,256,203,169,155,147,132,140
314070,2027,2121,2432,2569,2450,2424,2434,2216,1970,1879,1785,1476,1240,957,664,470,491
317150,283,294,299,313,322,252,240,192,177,180,190,177,128,105,66,47,63
314080,778,841,1008,1153,1136,1068,1081,1000,950,1014,954,851,697,513,366,301,329
314085,1058,1019,1082,1074,1084,944,808,664,517,500,484,390,310,246,169,121,152
314090,1530,1548,1710,1753,1591,1530,1346,1335,1132,1067,997,804,602,477,345,275,351
314100,765,810,916,1041,1170,1068,982,950,882,848,776,616,541,435,341,249,319
314110,2372,2464,2789,3214,3213,3140,3204,2970,2490,2472,2152,1651,1264,951,667,519,520
314120,176,201,255,271,261,246,236,273,274,276,292,235,219,186,141,127,124
314130,235,245,277,321,308,268,264,277,278,265,245,181,164,111,81,64,57
314140,1602,1650,1828,1846,1764,1582,1506,1480,1310,1258,1125,951,869,736,597,492,547
314150,374,397,485,516,476,451,481,501,487,464,394,344,310,261,187,145,174
314160,589,637,779,841,848,794,752,749,757,740,683,635,498,430,359,252,298
314170,348,375,450,499,447,438,428,413,399,361,379,329,295,231,173,139,215
314180,2381,2487,3128,3435,3314,3193,2585,2009,1638,1592,1412,1188,978,702,560,414,401
314190,215,244,296,314,339,283,267,289,282,276,272,233,193,135,107,69,89
314200,966,978,1085,1244,1224,1115,1028,933,853,748,725,599,552,444,356,272,300
314210,663,685,787,878,868,847,842,824,748,710,651,582,444,336,263,201,253
314220,947,964,1002,1156,1249,1170,1055,1015,986,964,881,851,673,530,370,279,403
314225,373,380,469,453,434,392,360,296,267,262,222,221,165,138,122,85,110
314230,293,316,360,380,329,318,338,358,322,330,342,272,243,184,148,130,178
314240,460,486,558,558,585,591,569,564,546,518,433,364,332,271,198,142,146
314250,154,163,189,191,194,164,167,183,167,151,132,110,106,79,73,49,48
314260,541,578,652,678,709,682,670,605,578,534,547,514,378,285,205,141,186
314270,1143,1201,1348,1423,1340,1132,1070,999,907,975,911,769,649,577,435,311,383
314280,1247,1279,1363,1626,1626,1577,1518,1529,1439,1485,1296,1166,949,790,562,478,569
314290,1230,1321,1482,1691,1866,1677,1642,1550,1451,1553,1415,1221,1005,891,661,469,570
314300,709,752,921,1086,1103,1061,992,989,965,962,888,745,613,470,380,280,324
314310,2933,3086,3539,3950,3899,3812,3772,3823,3542,3475,3097,2479,1924,1442,978,725,681
314315,475,459,513,496,413,335,342,291,267,248,195,179,162,144,121,78,99
314320,1198,1262,1518,1688,1685,1643,1599,1542,1439,1528,1410,1326,1105,837,662,503,633
314340,1370,1436,1598,1702,1859,1935,2057,1799,1680,1653,1446,1210,948,664,476,364,402
314330,26780,27877,30959,34058,35411,37262,35287,31056,26445,23796,20619,17092,13209,10009,7027,4907,5211
314345,645,639,741,792,754,680,620,526,469,426,368,342,256,216,166,124,132
314350,559,559,612,717,670,639,605,591,666,678,608,456,382,281,244,184,164
314360,162,176,215,222,222,204,215,172,153,174,162,140,103,96,78,48,55
314370,189,209,249,277,283,236,240,225,204,225,217,177,160,124,111,96,112
314380,391,406,475,533,506,477,499,458,432,434,422,352,273,233,141,85,99
314390,6216,6608,7420,8241,8542,9170,8876,8145,6969,7262,6724,5944,4775,3548,2546,1957,2471
314400,1884,1892,2065,2188,2052,2083,2180,2029,1867,1771,1585,1369,1205,937,729,574,663
314410,1219,1269,1349,1573,1615,1623,1589,1519,1408,1404,1465,1268,1000,804,565,464,564
314420,232,243,266,289,283,217,217,217,210,202,174,142,124,119,109,80,91
314430,2815,2946,3217,3408,3303,3329,3384,3086,2670,2615,2300,2029,1648,1394,1191,852,1018
314435,531,532,528,641,652,563,504,472,393,384,385,291,263,185,146,104,129
314437,248,250,279,311,296,275,253,237,227,227,187,147,119,97,74,53,47
314440,237,254,291,332,308,347,338,325,332,361,366,311,276,213,151,127,168
314450,507,538,654,734,647,590,629,614,619,636,508,457,355,290,216,165,172
314460,1671,1766,1982,2183,2141,2097,2090,1981,1697,1657,1638,1549,1298,934,671,492,615
314465,667,728,949,964,931,811,790,667,615,591,542,446,419,326,268,182,236
314467,272,262,295,305,264,247,243,280,270,239,222,188,144,114,79,50,49
314470,1171,1234,1308,1434,1465,1481,1369,1262,1185,1189,1177,966,710,576,431,323,445
314480,5418,5537,5929,6966,7039,7760,8056,7510,6468,6225,5691,4791,3655,2675,1816,1214,1380
314490,272,272,289,327,309,266,281,242,226,248,209,180,158,132,127,99,105
314500,1024,1067,1218,1296,1285,1314,1245,1111,1039,947,811,575,425,303,229,149,145
314505,567,575,653,710,729,663,640,554,493,440,380,302,239,212,160,98,104
314510,1157,1187,1228,1330,1344,1322,1290,1231,1166,1068,985,820,663,473,326,236,316
314520,7020,7385,8161,8625,9526,10713,9428,6948,5271,4302,3389,2533,1680,1074,718,454,403
313660,364,385,426,455,461,417,440,438,432,369,369,308,256,184,139,121,124
314530,2786,2825,3141,3188,2963,2563,2336,2003,1674,1605,1427,1163,1046,798,668,512,611
314535,754,794,965,1011,945,851,759,709,621,555,503,465,467,378,336,250,269
314537,404,397,442,479,431,418,421,320,292,280,238,225,213,182,153,123,148
314540,87,95,120,146,131,117,123,145,146,149,160,122,107,86,63,49,46
314545,494,492,539,542,530,522,476,407,323,325,285,234,188,124,95,66,55
314550,146,157,203,232,192,183,190,199,186,182,183,173,138,118,75,62,55
314560,2374,2508,2919,3250,3211,3237,3162,3194,2942,2877,2740,2327,1828,1401,1066,814,1022
314570,125,135,147,172,178,155,151,152,161,164,141,130,123,77,57,36,45
314580,211,222,279,320,240,210,219,249,220,209,187,151,121,99,79,57,55
314585,307,323,350,383,370,367,377,340,308,291,283,251,200,143,113,87,119
314587,597,595,679,742,692,589,612,593,512,470,393,333,287,198,150,112,137
314590,2384,2499,2642,3207,3525,3883,3507,2874,2322,2401,2441,2191,1472,887,548,364,400
314600,1821,1947,2243,2577,2456,2503,2461,2429,2365,2368,2238,1918,1628,1330,956,712,874
314610,4436,4707,5556,6369,6347,6274,6073,5620,4995,4910,4544,3769,2959,2193,1606,1146,1300
314620,459,468,523,559,520,485,424,410,366,318,322,258,226,208,182,139,172
314625,622,605,607,597,637,574,473,410,288,269,262,220,201,123,96,61,95
314630,1570,1583,1822,1861,1690,1542,1460,1321,1136,1069,970,793,743,636,576,398,461
314655,473,479,534,571,607,491,478,416,366,340,291,273,221,171,132,105,116
314640,216,233,274,344,328,275,293,321,348,396,351,303,264,209,184,146,126
314650,468,505,563,645,634,632,587,593,582,616,591,475,377,301,235,193,220
314660,61,70,94,109,111,95,102,109,119,122,129,116,85,66,59,45,69
314670,338,369,451,464,458,541,496,447,448,468,483,412,337,309,223,170,229
314675,414,480,515,537,527,426,433,421,391,380,367,321,309,249,192,183,207
314690,1168,1149,1291,1483,1349,1266,1155,1137,1093,999,863,636,470,340,231,176,193
314710,5426,5715,6652,7698,7828,7864,7587,7181,6414,6099,5590,4673,3498,2564,1855,1341,1512
314700,6629,6714,7752,8636,8631,8300,7569,6853,6061,5505,4856,3653,2802,1906,1390,1035,1115
314720,1246,1311,1440,1653,1765,1732,1564,1460,1427,1442,1388,1186,975,824,597,439,576
314730,1259,1301,1418,1644,1597,1579,1580,1521,1542,1479,1361,1134,857,701,554,400,421
314740,1580,1647,1904,2148,2141,2028,1892,1737,1651,1712,1477,1139,860,662,432,316,363
314760,949,1014,1181,1302,1263,1188,1246,1234,1189,1146,1089,955,756,554,393,278,348
314770,398,442,544,608,644,598,580,579,616,658,581,488,430,347,265,210,240
314780,112,126,145,160,168,128,135,145,151,176,159,115,103,81,71,48,59
314750,90,97,110,117,144,123,114,113,115,121,117,110,101,78,69,51,60
314790,6912,7189,7844,9082,9231,9213,8823,8375,7848,7714,7097,6205,5039,3785,2725,1956,2133
314795,448,452,524,560,588,491,431,394,339,344,283,226,218,184,144,82,106
314800,8151,8747,10119,11647,12235,12063,11705,11177,11102,10809,9827,8313,6529,4852,3503,2610,2741
314810,5813,6003,6680,7591,7390,7376,7003,6687,6223,6074,5428,4308,3393,2504,1836,1337,1421
314820,286,309,374,413,395,428,417,406,374,389,379,336,278,248,193,130,166
314830,607,630,726,805,810,794,705,651,585,635,627,492,393,311,241,218,270
314840,366,392,445,463,427,343,299,294,278,280,281,231,200,162,156,137,173
314850,619,626,662,696,700,690,648,600,542,456,480,422,369,328,284,216,274
314860,1381,1402,1543,1626,1622,1448,1359,1153,1034,994,871,740,634,509,448,372,425
314870,1942,2013,2150,2218,2158,1858,1745,1636,1495,1462,1289,1030,916,787,611,466,522
314875,588,588,675,662,588,561,619,552,432,387,318,281,244,145,118,87,88
314880,169,184,220,240,268,224,200,235,227,218,216,198,181,153,130,108,130
314890,224,236,262,275,295,293,285,300,291,301,282,235,209,152,131,94,93
314900,161,163,196,232,195,185,182,189,164,154,119,115,94,71,53,36,46
314910,719,732,839,1036,927,820,775,746,818,866,793,629,556,412,303,221,266
314915,888,892,971,1107,1086,916,820,692,602,644,597,497,373,313,226,188,176
314920,257,265,257,291,275,257,254,264,258,270,236,175,178,128,83,69,74
314930,3649,3902,4582,5162,5164,5216,5237,4791,4231,4305,4035,3520,2653,1927,1325,953,1187
314940,104,114,134,154,137,122,143,161,146,129,135,96,76,62,43,28,29
314950,210,215,206,255,276,244,242,215,209,228,221,205,158,120,94,72,97
314960,281,284,289,349,367,306,265,328,290,316,283,231,175,144,117,106,136
314970,740,783,876,924,932,998,880,729,710,615,508,434,299,264,198,145,147
314980,1138,1185,1320,1411,1342,1287,1256,1227,1092,1010,892,716,539,366,256,179,135
314990,1214,1276,1472,1709,1680,1647,1635,1541,1429,1440,1366,1253,1016,766,540,396,501
314995,543,553,634,703,596,502,523,501,434,405,354,321,244,203,183,132,172
315000,306,317,372,389,375,353,283,259,249,244,221,200,166,132,131,106,123
315010,152,158,163,185,203,182,185,203,197,229,216,174,169,126,106,90,89
315015,632,618,672,758,681,633,618,589,533,499,413,327,270,191,150,128,132
315020,312,314,307,352,382,340,311,295,250,253,242,183,167,126,108,80,116
315030,224,259,298,311,322,265,279,329,340,386,364,321,301,201,191,131,138
315040,270,295,354,381,356,295,340,391,371,366,322,275,244,195,150,112,125
315050,492,514,581,671,707,660,666,682,645,644,579,500,379,271,203,152,165
315053,366,374,403,384,348,372,386,364,304,287,269,237,203,153,104,70,77
315057,703,687,711,714,695,565,538,456,351,370,359,303,284,233,175,130,144
315060,317,350,429,527,516,436,445,471,476,511,481,371,319,261,202,160,200
315070,408,418,432,479,507,547,551,455,391,286,237,205,151,121,82,57,78
315080,1262,1253,1401,1654,1609,1418,1347,1147,1093,1077,967,834,682,558,462,334,486
315090,331,342,380,441,418,396,392,401,363,377,370,322,262,199,150,103,138
315100,543,555,610,730,693,621,614,584,592,581,556,449,357,293,217,173,192
315110,613,639,753,898,893,864,864,835,746,694,690,627,481,362,257,198,230
315120,4154,4246,4403,4878,4933,4910,4712,4153,3560,3413,3144,2648,2090,1446,1002,693,910
315130,643,679,737,773,834,877,823,763,704,793,777,662,537,418,322,260,335
315140,1779,1871,2149,2328,2337,2173,2115,2008,1867,1841,1594,1317,1037,779,578,427,583
315150,1851,2000,2319,2614,2707,2707,2698,2552,2311,2298,2279,2000,1615,1171,872,665,821
315160,881,908,866,885,959,1081,1055,869,774,692,638,513,417,278,210,144,114
315170,949,1016,1090,1225,1191,1254,1211,1182,1170,1238,1202,1001,887,677,475,332,397
315180,9338,9770,10801,12417,12584,13435,13593,12692,11359,10724,10181,9411,7981,5879,4160,2994,3450
315190,486,521,589,650,651,643,640,595,566,582,578,543,489,403,320,238,330
315200,2236,2273,2493,2769,2841,2567,2401,2198,2056,2019,1793,1407,1095,848,643,487,502
315210,3439,3684,4156,4584,4756,4765,4868,4563,4014,4180,3943,3358,2711,2005,1432,1066,1511
315213,335,340,393,391,374,362,362,282,243,215,185,163,152,119,87,70,67
315217,1143,1069,1128,1156,963,840,814,733,667,629,537,486,423,388,328,254,253
315220,2470,2606,2939,3188,3418,3304,3222,2734,2491,2419,2176,1823,1616,1276,930,692,827
315230,612,646,747,864,838,864,946,873,783,783,694,605,458,355,289,251,305
315240,1201,1238,1400,1456,1350,1197,1154,1077,1035,967,863,747,655,543,465,378,502
315250,8559,8953,10056,11873,12026,12406,12286,11069,9978,9622,8893,7643,5941,4304,2908,2118,2444
315260,330,336,361,465,493,419,436,416,472,467,472,404,303,246,200,162,169
315270,555,589,675,693,672,651,690,663,651,666,600,480,347,281,222,157,174
315280,1788,1859,2035,2154,2229,2188,2222,2133,2056,1916,1638,1370,1109,823,592,414,469
315290,466,491,551,635,633,604,558,607,606,614,652,613,503,396,334,243,297
315300,188,186,221,243,225,266,263,265,256,255,244,212,189,134,125,92,87
315310,366,382,431,452,418,328,332,389,355,401,369,313,246,215,182,149,188
315320,245,258,290,319,335,273,257,288,261,268,222,192,165,148,131,84,90
315330,281,267,244,279,257,246,228,210,150,164,151,130,120,87,75,55,64
315340,1131,1176,1394,1631,1529,1426,1460,1528,1449,1387,1179,1024,884,691,524,364,374
315360,661,710,806,941,973,937,797,750,685,660,662,491,362,266,203,150,143
315370,220,236,283,314,282,237,237,236,228,224,251,184,162,124,95,72,70
315380,82,91,116,135,138,106,106,144,147,174,158,137,115,84,76,49,57
315390,1027,1064,1166,1351,1407,1393,1423,1322,1079,1006,965,866,658,491,297,181,260
315400,1415,1515,1735,1780,1700,1713,1678,1658,1729,1738,1613,1440,1146,943,774,638,816
315410,554,607,679,742,758,716,756,743,667,728,724,661,593,497,413,280,383
315415,552,548,584,655,594,562,547,471,435,426,380,327,253,181,143,111,132
315420,655,695,784,882,914,886,785,788,786,800,815,699,544,400,329,242,286
315430,1139,1201,1295,1407,1288,1236,1242,1206,1182,1117,1095,923,858,710,557,431,513
315440,285,293,335,410,413,331,342,362,365,355,313,249,206,182,127,89,101
315445,587,615,712,831,727,594,618,550,527,497,470,419,299,246,175,140,139
315450,766,787,865,949,950,868,750,602,509,547,470,365,328,259,192,137,165
315460,23768,23940,27452,30494,28652,28803,28407,26431,21692,18913,16279,14102,10613,6916,4473,2863,2864
315470,216,234,262,289,298,315,319,273,228,244,286,295,207,136,112,100,144
315480,622,627,726,877,826,910,868,792,717,630,578,479,346,272,197,138,133
315490,931,975,1068,1124,1134,1071,1063,1043,879,871,880,801,641,497,373,288,415
315510,396,395,393,448,457,412,373,339,352,326,274,271,213,165,152,121,152
315500,122,135,177,219,211,208,163,160,172,193,208,160,111,87,81,55,93
315520,324,353,434,487,465,358,364,411,427,467,399,310,269,242,211,165,174
315530,291,310,378,445,406,419,437,428,417,414,385,318,288,221,179,123,123
315540,469,514,653,718,728,672,669,597,601,660,623,500,416,362,267,203,255
315550,770,809,950,996,986,1036,1036,970,893,837,773,608,504,360,273,200,198
315560,2257,2307,2898,3226,2903,2726,2412,2115,1793,1693,1450,1189,993,778,599,416,461
315570,820,883,1036,1148,1147,1042,1099,1073,1006,1060,971,838,676,543,409,289,337
315580,960,1033,1190,1403,1529,1460,1344,1189,1211,1226,1124,1006,837,658,515,418,542
315590,303,325,384,422,385,357,407,406,388,426,380,336,243,213,174,117,162
315600,1036,1077,1269,1356,1199,939,841,771,842,784,713,624,529,455,339,313,331
315610,234,254,302,373,387,302,301,346,353,382,354,333,287,219,159,115,128
315620,139,143,177,190,171,187,141,139,171,147,161,138,103,68,55,42,51
315630,476,503,597,651,641,690,663,573,522,562,426,335,257,203,147,116,139
315640,227,228,260,286,284,272,277,276,269,273,245,215,172,118,94,63,44
315645,237,258,329,354,402,348,366,349,321,313,266,237,211,146,116,95,100
315650,508,565,625,618,575,455,467,438,409,440,398,383,353,271,217,155,164
315660,657,711,823,773,861,759,684,672,655,667,579,508,459,386,357,280,334
315670,8861,9171,10657,12020,11324,11151,11388,10620,9115,8695,7796,6595,4910,3539,2510,1775,1938
315680,1160,1183,1297,1435,1378,1197,1068,1022,977,960,904,765,607,532,442,361,467
315690,1592,1671,1819,2002,2134,2148,2089,1963,1739,1661,1593,1265,1055,818,611,461,556
315700,2613,2774,3201,3494,3515,3402,3280,2966,2690,2511,2182,1929,1687,1352,1128,854,1032
315710,621,620,570,558,582,513,504,457,397,436,423,341,273,202,174,149,176
315720,2055,2099,2202,2599,2696,2639,2546,2362,1952,1924,1829,1429,1088,750,555,423,471
315725,555,560,625,674,625,608,642,604,577,581,451,400,325,256,184,146,158
315727,194,194,215,252,224,188,203,218,245,258,210,165,128,91,79,54,62
315730,277,287,317,358,391,330,309,356,336,322,302,252,221,172,124,86,112
315733,512,543,654,708,723,711,684,664,608,580,518,451,317,233,162,102,110
315737,332,330,371,376,357,292,280,270,247,245,236,236,218,159,145,115,116
315740,264,291,364,398,382,320,370,362,332,331,322,281,254,181,175,138,171
315750,326,351,426,427,424,332,321,316,293,252,237,208,182,150,132,84,98
315760,333,336,352,396,375,283,275,241,225,244,230,193,149,103,87,61,69
315765,621,596,605,591,536,456,444,392,330,318,293,245,231,188,156,111,144
315770,866,916,1029,1096,1110,1211,1196,1030,870,789,710,565,425,322,224,150,155
315780,15025,15305,17696,19696,18292,18639,18669,17814,15121,13403,11472,10043,7603,5395,3627,2334,2377
315790,1258,1275,1387,1413,1309,1267,1299,1126,982,944,853,776,574,424,316,228,275
315800,747,765,873,1027,996,868,746,738,725,684,613,482,427,315,259,219,308
315810,355,380,420,405,455,421,385,319,310,333,322,312,259,196,161,117,163
315820,1081,1112,1281,1392,1311,1150,1051,957,869,866,800,672,562,463,371,321,381
315920,478,504,557,612,602,620,659,690,662,703,659,586,536,433,312,206,263
315940,215,232,269,293,261,235,229,259,280,273,233,200,173,131,100,79,85
315930,253,270,299,362,371,316,355,358,357,370,369,314,260,215,189,150,185
315935,467,477,554,593,606,573,552,540,451,432,392,352,288,203,173,120,142
315950,404,410,442,477,441,401,411,432,375,375,353,296,272,190,149,105,127
315960,2610,2698,3087,3476,3484,3679,3453,3194,2838,2655,2476,2029,1596,1176,825,617,745
315970,214,233,280,275,253,248,250,228,226,232,226,196,156,108,88,49,52
315980,1176,1232,1318,1421,1479,1486,1454,1551,1465,1370,1177,1014,813,686,546,422,439
315830,447,468,582,614,565,556,581,548,545,491,452,423,320,252,169,111,120
315840,221,228,227,256,268,249,251,247,258,278,251,275,216,172,139,115,121
315850,462,495,598,618,569,518,565,566,567,546,490,483,394,336,262,214,239
315860,246,260,299,313,322,283,269,274,279,310,274,216,173,149,112,84,89
315870,125,139,193,181,176,205,180,192,166,144,139,127,120,102,72,41,56
315880,258,276,346,386,388,345,365,354,344,313,284,269,228,175,156,120,144
315890,665,665,754,755,697,688,663,650,580,546,459,440,345,260,208,146,189
315895,2401,2384,2645,2854,2699,2574,2726,2561,2184,1902,1603,1357,1061,701,483,375,394
315900,256,256,293,344,330,322,343,359,307,292,259,225,194,137,104,70,96
315910,216,241,319,322,294,255,249,262,286,290,245,208,183,159,125,81,104
315990,1185,1244,1457,1581,1554,1426,1448,1353,1158,1148,1072,1033,784,575,432,295,311
316000,195,216,239,282,255,224,245,250,264,274,256,220,186,163,122,97,115
316010,242,254,289,344,334,298,278,272,283,294,249,226,185,152,116,102,129
316020,329,343,428,424,376,292,268,262,206,222,202,157,160,129,82,74,87
316030,914,963,959,956,911,834,853,763,703,697,675,616,540,458,382,280,327
316040,1762,1848,2085,2350,2331,2263,2233,2146,1868,1809,1690,1384,1070,837,592,448,551
316045,588,590,698,729,667,591,557,482,398,375,340,321,268,192,153,103,119
316050,104,121,141,146,152,122,115,110,128,142,135,112,72,60,40,38,51
316060,202,215,251,282,254,217,210,194,200,209,228,197,156,110,100,82,95
316070,2716,2826,3115,3759,3755,3598,3554,3404,3159,3403,3384,2926,2173,1751,1253,935,1129
316080,396,398,469,513,446,426,359,352,348,305,262,192,155,119,84,68,53
316090,212,213,217,259,288,314,295,273,242,293,261,230,161,124,102,81,86
316095,418,428,489,543,520,485,479,417,361,339,306,240,168,118,97,77,84
316100,987,1063,1229,1371,1323,1345,1231,1213,1158,1193,1225,1040,841,731,573,442,567
316105,239,253,288,300,305,237,270,254,232,224,195,155,123,107,96,67,65
316110,4719,4841,5523,5805,5445,4643,4015,3468,2968,2888,2562,2231,1846,1496,1201,851,1000
316120,362,391,477,530,542,540,554,551,439,423,413,394,279,213,173,123,164
316130,384,398,429,458,475,520,547,515,457,448,418,302,216,156,125,91,105
316140,294,312,366,423,389,354,382,395,348,347,343,283,253,186,144,117,142
316150,650,702,852,909,961,949,890,818,720,778,761,626,503,379,290,227,308
316160,312,331,366,376,363,313,295,262,254,247,250,209,184,151,114,96,116
316165,263,282,311,326,305,285,261,271,249,262,262,188,143,121,89,73,69
316170,528,532,570,591,565,518,484,463,396,424,384,337,283,195,153,108,125
316180,722,776,887,940,900,927,914,893,792,778,720,567,469,358,299,245,231
316190,645,685,892,963,901,917,904,837,696,648,561,473,371,299,224,168,211
312550,211,219,259,290,292,260,227,229,211,200,177,133,131,120,82,48,48
316200,1608,1685,1901,2119,2119,1988,1867,1711,1631,1654,1573,1364,1141,857,608,447,574
316210,2301,2385,2739,3001,3073,3054,2920,2569,2336,2212,1870,1564,1157,908,663,483,563
316220,407,423,505,596,592,534,553,537,549,534,470,431,344,277,190,136,136
316225,338,325,372,445,467,411,371,358,300,308,276,254,204,145,97,77,73
316230,147,155,165,205,230,215,190,193,205,218,225,181,147,102,77,52,60
316240,1816,1854,2284,2560,2437,2226,2044,1651,1471,1448,1324,1141,998,779,626,404,461
316245,1492,1412,1473,1413,1223,1036,887,639,569,490,454,361,277,231,197,136,133
316250,4535,4960,5829,6693,6923,6909,6884,6837,6348,6586,6480,5596,4202,3106,2276,1700,2005
316255,865,863,977,1037,957,992,891,773,691,677,604,490,364,275,188,139,162
316257,353,375,406,434,427,435,384,399,403,381,354,300,260,189,160,125,160
316260,521,534,539,660,676,572,513,573,540,508,470,390,370,282,228,199,207
316265,347,340,363,390,380,337,332,289,246,250,212,185,186,132,112,77,86
316270,1557,1636,1921,2178,2358,2212,1916,1617,1326,1281,1119,1032,883,710,560,394,434
316280,1044,1123,1318,1466,1447,1181,1088,1036,988,987,919,768,636,539,462,370,437
316290,1388,1507,1814,2084,2062,2017,1924,1749,1712,1911,1883,1606,1258,957,686,534,809
316292,2034,2003,2283,2647,2528,2851,2875,2405,1951,1647,1365,1215,865,696,491,338,347
316294,465,495,532,592,617,586,547,506,515,512,472,408,322,234,139,94,105
316295,1452,1508,1808,2021,1911,1870,1764,1772,1583,1454,1277,1073,805,546,387,269,303
316300,368,363,409,403,402,367,321,310,268,241,204,152,120,92,70,56,58
316310,308,313,373,414,381,363,359,373,334,308,291,216,158,133,105,76,102
316320,245,257,310,364,316,322,272,301,295,286,291,249,192,141,114,88,84
316330,297,300,319,350,343,307,293,262,249,239,209,183,135,137,96,80,85
316340,341,361,385,461,454,391,381,377,370,385,404,335,258,215,156,144,176
316350,481,503,556,595,589,507,423,410,429,417,375,304,266,219,185,141,173
316360,162,178,244,246,197,213,190,215,185,184,184,137,106,85,69,55,59
316370,2553,2680,2951,3350,3345,3245,3562,3296,2945,3031,2980,2750,2209,1668,1234,950,1233
316380,394,424,490,531,615,545,522,479,446,466,462,407,332,241,180,167,208
316390,269,273,290,386,391,360,337,330,315,338,361,337,299,229,158,114,130
316410,356,376,429,469,467,434,400,356,308,323,302,251,261,227,204,144,171
316400,571,590,597,657,633,588,586,546,502,568,541,455,393,292,242,184,233
316420,991,947,1027,1177,1091,1038,996,804,660,626,548,417,332,239,156,129,139
316430,416,429,474,544,534,494,527,527,504,541,471,413,330,258,186,123,148
316440,406,398,370,420,404,398,413,392,349,350,317,298,249,173,130,85,99
316443,192,188,191,239,241,225,231,238,197,214,182,163,139,93,76,54,58
316447,484,488,594,578,509,524,536,456,376,331,315,267,214,162,114,109,110
316450,842,855,1003,1004,873,724,715,677,625,633,537,468,430,358,292,201,243
316460,417,465,494,463,528,611,539,435,398,404,354,325,266,196,159,119,132
316470,4318,4463,4954,5807,5545,5681,5567,5048,4539,4495,4159,3825,3130,2358,1675,1288,1498
316480,111,120,111,109,94,73,87,103,122,119,106,93,82,72,63,56,60
316490,128,134,129,152,181,169,145,161,162,167,166,142,117,74,56,45,63
316520,445,463,586,672,598,551,516,542,548,504,458,389,233,158,115,71,70
316500,637,687,803,873,871,829,836,820,734,732,738,610,481,390,297,236,266
316510,490,506,562,609,568,536,547,496,424,401,392,411,335,281,217,169,187
316530,432,460,579,669,641,552,546,529,519,511,506,414,330,247,181,138,163
316540,461,463,540,620,540,479,513,502,430,433,403,353,269,213,163,114,121
316550,440,474,564,630,566,470,427,408,361,338,320,272,195,147,150,113,96
316553,2267,2312,2566,2726,2511,2505,2545,2511,2224,1899,1571,1173,872,610,382,261,294
316556,131,152,173,192,221,172,188,173,185,197,199,165,149,151,125,96,109
316557,404,407,451,484,449,463,443,419,390,346,302,240,202,138,85,57,54
316560,155,158,162,170,168,140,155,143,131,134,118,102,82,66,46,31,55
316570,437,475,503,568,595,546,530,497,471,537,553,455,394,334,263,194,215
316580,57,76,110,125,120,98,109,105,118,145,146,131,115,88,70,51,56
316590,284,311,375,402,406,313,319,295,297,298,244,210,190,152,148,90,96
316600,356,380,448,495,470,416,422,423,407,411,375,274,243,193,167,132,175
316610,283,295,304,299,281,229,225,221,216,197,201,169,148,134,124,104,114
316620,599,651,770,829,822,805,745,812,750,785,666,540,477,425,296,206,240
316630,535,551,620,645,615,601,624,552,486,448,375,332,254,216,163,128,145
316640,105,111,115,145,155,130,134,135,135,133,132,101,99,77,52,35,41
316650,380,378,451,492,425,327,282,260,233,218,203,169,135,108,85,73,77
316660,46,51,66,60,57,64,67,59,59,48,51,50,45,30,19,18,18
316680,835,847,917,1022,998,945,912,854,804,754,655,487,361,273,193,139,129
316670,674,688,755,735,671,669,700,600,532,517,443,404,333,256,226,187,237
316690,555,585,630,667,625,566,546,520,446,487,475,405,353,262,200,162,192
316695,342,348,379,385,397,365,385,311,261,280,269,247,184,172,122,90,94
316700,118,129,146,173,180,154,170,141,137,131,141,96,82,72,49,41,40
316710,1585,1657,2022,2153,1960,1658,1470,1349,1221,1298,1167,939,752,567,453,358,494
316720,13782,14524,16722,19274,19980,20791,19979,18100,15996,15693,14310,11912,8924,6514,4558,3211,3586
316555,1338,1259,1295,1228,1080,902,799,648,539,493,462,421,342,264,231,132,186
316730,114,122,148,184,180,160,166,143,162,172,174,157,104,76,63,60,60
316740,364,381,426,459,465,462,418,411,424,434,432,362,327,287,211,147,173
316750,155,163,200,228,205,198,197,201,172,193,170,152,113,90,72,46,43
316760,1461,1478,1648,1714,1631,1588,1605,1503,1261,1132,976,815,700,512,421,322,322
316770,404,432,445,481,449,382,335,378,362,379,373,336,279,196,188,151,192
316780,425,432,398,439,457,438,460,445,373,420,380,342,276,206,179,134,145
316790,210,229,260,296,304,261,274,259,256,294,282,261,223,171,139,110,141
316800,2351,2424,2762,2961,2993,2818,2689,2366,2112,1937,1708,1486,1168,947,697,575,725
316805,184,202,202,203,232,206,238,210,191,228,219,195,173,144,118,106,105
316810,277,289,300,358,402,384,385,317,307,332,313,270,194,112,93,56,65
316820,100,111,141,138,148,129,125,128,126,148,151,115,93,84,60,46,50
316830,279,279,302,337,305,286,288,327,244,280,241,193,190,146,115,74,75
316840,985,1064,1112,1149,1078,1019,984,988,952,907,893,781,687,573,471,354,454
316850,634,663,753,908,956,892,789,840,820,837,793,726,587,452,347,277,334
316860,9398,9851,10887,11700,11506,11752,11334,10419,9340,8879,7967,6671,5384,4293,3431,2608,3335
316870,5245,5672,6287,7005,7196,7277,7192,6534,5849,6249,5959,4743,3492,2465,1841,1406,1557
316880,433,442,502,608,624,601,661,647,569,556,501,432,327,221,149,104,118
316890,362,401,447,495,469,436,442,486,498,506,492,476,398,289,240,159,185
316900,966,998,1120,1332,1340,1257,1274,1274,1133,1173,1049,899,741,609,461,342,394
316905,167,184,234,294,288,284,311,320,320,362,335,262,211,179,122,92,94
316910,401,405,450,501,463,435,451,426,447,424,358,330,287,239,158,125,146
316920,545,564,595,644,634,698,692,610,583,580,567,565,446,359,275,232,354
316930,5087,5248,6055,6883,6426,6426,6532,5785,5125,4980,4597,4039,3135,2240,1577,1150,1265
316935,2025,2119,2429,2729,2635,2516,2535,2416,2152,2100,1825,1570,1198,863,557,371,399
316940,3597,3735,4286,4889,4617,4396,4469,4316,3913,3685,3392,3123,2402,1702,1237,904,1050
316950,522,547,614,627,546,455,448,430,393,400,384,309,245,211,186,110,129
316960,1464,1553,1694,1935,1921,1827,1772,1804,1814,1789,1713,1409,1190,1000,766,599,698
316970,1389,1411,1638,1766,1836,1917,1674,1366,1119,1134,975,810,624,485,363,282,315
316980,293,316,409,411,419,376,373,335,344,329,302,268,238,154,134,95,83
316990,6899,7152,8120,9412,9205,9670,9348,8549,7554,7331,6859,5701,4250,3124,2166,1629,1952
317000,1092,1102,1211,1188,1174,993,905,813,643,601,548,479,436,357,251,184,209
317005,868,895,957,1025,1031,926,920,869,854,818,796,646,554,380,290,249,279
317010,18453,19637,21164,24290,26096,28297,27465,24999,21962,21412,20439,17673,13940,10547,7525,5700,6550
317020,40378,42591,46755,52095,55765,59119,57626,53398,46441,44482,40544,33903,25882,18504,12900,9238,10160
317030,193,205,246,219,209,204,227,192,159,147,156,136,115,89,72,57,63
317040,5629,5812,6395,7014,7035,7002,7030,6632,6010,5320,4819,3936,2997,2124,1500,1091,1091
317043,304,304,333,352,357,379,367,361,325,312,245,227,159,131,114,75,65
317047,222,235,263,286,286,219,233,241,237,224,200,161,157,114,81,60,66
317050,719,747,846,933,931,842,797,785,702,676,598,496,391,321,250,185,205
317052,1421,1377,1570,1607,1447,1266,1288,1122,825,685,636,507,410,378,280,197,208
317057,377,419,515,549,512,461,449,495,448,433,431,349,313,242,198,161,183
317060,139,144,138,145,154,170,169,140,136,156,167,143,128,84,70,54,43
317065,352,365,453,510,495,433,375,314,328,284,244,218,165,116,92,73,88
317070,7884,8243,9169,10553,10671,11221,11432,10679,9074,8773,8317,7484,5760,3916,2666,1911,2238
317075,526,508,558,629,617,647,578,536,468,405,355,250,183,126,107,71,62
317080,2708,2857,3242,3395,3515,3446,3233,2786,2422,2269,2207,1783,1357,972,670,486,496
317090,1726,1740,1865,1956,1919,1642,1375,1129,985,1006,893,796,708,525,425,337,373
317100,1298,1374,1530,1672,1645,1622,1686,1639,1574,1526,1290,1057,782,591,443,297,289
317103,911,878,950,1032,956,761,693,532,450,425,340,269,221,160,135,87,89
317107,375,400,463,516,570,517,458,376,355,359,311,281,226,173,117,92,93
317110,255,257,301,306,305,236,267,260,270,272,237,231,182,129,94,73,78
317115,313,323,367,392,377,354,383,385,355,327,315,228,208,157,115,89,116
317120,8653,8750,10103,11269,10427,10332,10479,9707,8202,7213,6041,5031,3543,2491,1642,1094,1102
317130,4209,4560,5420,6309,6413,6897,6824,5761,5152,5123,4899,4384,3392,2338,1614,1210,1453
317140,225,233,226,298,300,289,265,219,259,271,262,258,183,132,105,84,104
317160,864,934,1107,1198,1273,1212,1060,875,864,850,822,703,563,487,362,292,350
317170,533,556,618,670,650,665,705,658,593,593,600,526,450,337,218,161,199
317180,667,734,863,962,943,810,713,677,678,687,695,578,446,359,287,242,309
317190,353,396,487,501,459,391,363,312,342,357,351,297,242,208,164,153,212
317200,2555,2677,2952,3251,3377,3476,3450,3062,2678,2751,2572,2069,1689,1284,946,719,917
317210,348,363,424,451,409,407,391,341,335,361,317,259,228,172,141,102,154
317220,162,171,193,193,191,179,184,177,192,201,185,158,114,96,69,60,53
