Municipio,2000,2001,2002,2003,2004,2005,2006,2007,2008,2009,2010,2011,2012,2013,2014,2015,2016,2017
310010,6612,6640,6665,6689,6712,6733,6754,6773,6791,6809,6827,6846,6864,6882,6901,6920,6937,6954
310020,22935,22957,22978,22997,23015,23032,23048,23064,23078,23093,23107,23122,23137,23151,23166,23181,23195,23209
310030,13691,13673,13657,13642,13628,13615,13602,13590,13579,13567,13556,13544,13533,13521,13510,13498,13487,13476
310040,3989,3989,3990,3990,3990,3991,3991,3991,3991,3992,3992,3992,3993,3993,3993,3993,3994,3994
310050,11784,11612,11456,11310,11171,11039,10914,10799,10685,10573,10465,10351,10237,10125,10012,9897,9789,9684
310060,18253,17891,17562,17254,16962,16683,16419,16177,15938,15701,15474,15234,14993,14758,14520,14277,14050,13828
310070,2146,2135,2125,2116,2107,2099,2091,2083,2076,2069,2062,2055,2047,2040,2033,2026,2019,2012
310080,3654,3716,3772,3824,3874,3922,3967,4008,4049,4089,4128,4169,4210,4250,4291,4332,4371,4409
310090,18304,18371,18432,18489,18543,18595,18644,18689,18733,18777,18819,18863,18908,18952,18996,19041,19083,19124
310100,12183,12284,12375,12461,12542,12620,12693,12761,12827,12893,12956,13023,13090,13155,13221,13289,13352,13414
310110,25751,25708,25668,25631,25596,25563,25531,25502,25474,25445,25418,25389,25360,25332,25304,25275,25247,25221
310120,6635,6588,6545,6506,6468,6432,6397,6366,6335,6304,6275,6244,6213,6182,6151,6120,6091,6062
310130,2872,2857,2844,2831,2820,2808,2797,2788,2778,2768,2759,2749,2739,2730,2720,2710,2701,2692
310140,2914,2921,2927,2933,2939,2944,2949,2954,2958,2963,2967,2972,2976,2981,2985,2990,2994,2998
310150,34474,34540,34600,34656,34709,34760,34808,34852,34896,34939,34980,35024,35068,35110,35154,35198,35239,35280
310160,68679,69519,70283,70998,71676,72323,72936,73499,74054,74603,75130,75687,76246,76793,77344,77908,78435,78951
310163,5232,5356,5470,5575,5676,5771,5862,5945,6028,6109,6187,6269,6352,6433,6515,6598,6676,6753
310170,36295,36711,37089,37443,37778,38099,38402,38681,38955,39227,39488,39764,40040,40311,40584,40863,41124,41379
310180,7145,7166,7185,7202,7219,7235,7250,7264,7277,7291,7304,7318,7332,7345,7359,7372,7385,7398
310190,17469,17646,17807,17958,18100,18237,18366,18484,18601,18717,18828,18945,19063,19178,19294,19413,19524,19633
310200,13310,13396,13474,13547,13616,13682,13745,13802,13859,13915,13969,14026,14083,14139,14195,14253,14307,14359
310205,4793,4871,4942,5009,5072,5132,5190,5242,5294,5345,5394,5446,5498,5549,5600,5653,5702,5750
315350,8675,8648,8624,8602,8580,8560,8540,8523,8505,8488,8471,8453,8436,8418,8401,8383,8366,8350
310210,14214,13975,13758,13555,13363,13179,13005,12845,12688,12532,12382,12224,12065,11910,11753,11593,11443,11297
310220,5346,5239,5142,5051,4965,4883,4805,4733,4663,4593,4526,4455,4384,4315,4245,4173,4106,4040
310230,15989,15931,15878,15828,15781,15736,15693,15654,15616,15578,15541,15502,15464,15426,15387,15348,15311,15276
310240,3618,3617,3616,3615,3615,3614,3613,3613,3612,3612,3611,3610,3610,3609,3609,3608,3607,3607
310250,5618,5557,5501,5448,5399,5351,5307,5265,5225,5185,5146,5105,4983,4943,4904,4864,4825,4788
310260,33816,34355,34845,35304,35739,36154,36547,36908,37265,37617,37955,38313,38671,39022,39376,39737,40076,40407
310280,12627,12597,12570,12544,12520,12497,12475,12455,12435,12416,12397,12377,12357,12338,12318,12298,12279,12261
310285,7660,7724,7782,7836,7888,7937,7983,8026,8068,8110,8150,8192,8235,8276,8318,8361,8401,8440
310290,11149,11171,11191,11210,11228,11244,11261,11275,11290,11304,11318,11333,11347,11362,11376,11391,11405,11418
310300,10302,10229,10162,10100,10041,9985,9932,9883,9835,9787,9741,9693,9644,9596,9548,9499,9454,9409
310310,1840,1822,1806,1790,1776,1762,1749,1737,1725,1713,1702,1690,1678,1666,1655,1643,1631,1620
310320,2200,2211,2221,2230,2239,2247,2255,2263,2270,2277,2284,2291,2299,2306,2313,2320,2327,2334
310330,2140,2134,2129,2124,2120,2115,2111,2107,2103,2100,2096,2092,2088,2085,2081,2077,2073,2070
310340,36631,36637,36642,36647,36651,36656,36660,36664,36668,36671,36675,36679,36683,36686,36690,36694,36698,36701
310350,104596,105537,106392,107193,107952,108676,109362,109992,110614,111229,111819,112443,113068,113681,114298,114929,115520,116097
310360,2981,2967,2955,2943,2932,2921,2911,2902,2893,2884,2875,2866,2857,2848,2839,2829,2821,2812
310370,8120,8144,8165,8185,8205,8223,8240,8256,8272,8287,8302,8318,8333,8349,8364,8380,8395,8410
310375,5446,5552,5648,5738,5823,5904,5981,6052,6122,6191,6257,6327,6397,6466,6535,6606,6673,6737
310380,2815,2816,2818,2819,2820,2821,2822,2823,2824,2825,2826,2827,2828,2829,2830,2831,2832,2833
310390,6377,6592,6788,6971,7144,7310,7466,7610,7753,7893,8028,8171,8314,8454,8595,8739,8874,9006
310400,81028,82899,84601,86193,87702,89142,90507,91760,92997,94221,95393,96634,97878,99095,100323,101579,102753,103901
310410,8242,8430,8601,8760,8912,9057,9193,9319,9443,9566,9684,9809,9933,10056,10179,10305,10423,10538
310420,33527,34014,34458,34872,35265,35641,35996,36323,36645,36964,37269,37592,37916,38233,38553,38880,39186,39485
310430,12542,12730,12900,13060,13211,13356,13493,13619,13743,13865,13983,14107,14232,14354,14478,14604,14721,14837
310440,3255,3216,3180,3147,3115,3085,3056,3030,3004,2979,2954,2928,2902,2876,2851,2824,2800,2776
310445,4364,4428,4487,4542,4593,4643,4690,4733,4776,4818,4858,4901,4943,4985,5028,5071,5111,5151
310450,18164,18143,18123,18105,18087,18071,18055,18041,18027,18012,17999,17985,17970,17956,17942,17928,17914,17901
310460,12109,12263,12402,12533,12657,12776,12888,12991,13092,13193,13289,13391,13493,13593,13694,13797,13894,13988
310470,17178,16858,16567,16295,16037,15790,15557,15342,15131,14922,14721,14509,14296,14088,13878,13663,13462,13266
310480,5292,5261,5232,5205,5180,5156,5133,5112,5091,5071,5051,5030,5009,4989,4968,4947,4928,4908
310490,17974,18061,18140,18215,18285,18352,18415,18474,18531,18588,18643,18701,18759,18815,18873,18931,18986,19039
310500,8365,8325,8289,8255,8222,8192,8162,8136,8109,8083,8058,8031,8005,7979,7953,7926,7901,7876
310510,22255,22372,22478,22577,22672,22762,22847,22925,23002,23079,23152,23229,23307,23383,23460,23538,23612,23683
310520,5455,5406,5361,5320,5280,5243,5207,5174,5142,5110,5079,5047,5014,4982,4950,4917,4886,4856
310530,5025,5079,5127,5173,5216,5257,5296,5332,5367,5402,5436,5472,5507,5542,5577,5613,5647,5679
310540,23992,24640,25229,25780,26302,26801,27273,27707,28136,28559,28965,29395,29825,30247,30672,31106,31513,31911
310550,6392,6318,6251,6188,6129,6072,6018,5968,5920,5871,5825,5776,5727,5679,5630,5581,5534,5489
310560,117060,118564,119931,121211,122423,123581,124678,125685,126679,127663,128605,129602,130602,131580,132567,133576,134520,135443
310570,7748,7554,7377,7212,7055,6905,6764,6633,6505,6378,6256,6127,5998,5871,5744,5614,5492,5372
310590,18831,18978,19112,19237,19355,19468,19575,19674,19771,19867,19959,20056,20154,20250,20346,20445,20537,20627
310600,10099,10111,10121,10131,10140,10149,10158,10165,10173,10181,10188,10196,10203,10211,10219,10226,10234,10241
310610,3515,3509,3503,3497,3492,3487,3483,3478,3474,3470,3466,3462,3458,3453,3449,3445,3441,3437
310620,2296060,2312047,2326583,2340185,2353077,2365386,2377043,2387755,2398321,2408774,2418791,2429392,2440018,2450422,2460914,2471640,2481675,2491484
310630,20018,20514,20965,21387,21788,22170,22531,22864,23192,23516,23827,24156,24486,24809,25134,25467,25779,26083
310640,7620,7627,7633,7639,7645,7651,7656,7660,7665,7670,7674,7679,7683,7688,7693,7697,7702,7706
310650,13313,13210,13117,13030,12947,12868,12794,12725,12657,12590,12526,12458,12390,12323,12256,12187,12123,12060
310665,4072,4121,4166,4208,4248,4286,4321,4354,4387,4419,4450,4483,4515,4547,4580,4613,4644,4674
310660,4550,4554,4558,4561,4564,4568,4570,4573,4576,4578,4581,4584,4586,4589,4592,4594,4597,4599
310670,314560,323740,332087,339898,347302,354370,361063,367215,373282,379285,385037,391124,397227,403201,409226,415385,421147,426780
310680,4505,4421,4345,4274,4207,4142,4081,4025,3970,3915,3863,3808,3752,3698,3643,3587,3534,3483
310690,13122,13224,13316,13403,13485,13564,13638,13706,13774,13840,13904,13972,14039,14106,14172,14241,14305,14367
310700,2894,2866,2840,2816,2794,2772,2751,2733,2714,2696,2678,2659,2641,2622,2604,2585,2567,2550
310710,38027,38183,38325,38457,38583,38703,38817,38921,39024,39126,39224,39327,39431,39532,39635,39739,39837,39933
310720,5111,5109,5108,5107,5105,5104,5103,5102,5101,5100,5099,5098,5097,5096,5095,5094,5093,5092
310730,43907,44376,44803,45203,45581,45943,46285,46600,46910,47217,47511,47822,48134,48440,48748,49063,49358,49646
310740,40970,41685,42336,42945,43521,44072,44594,45073,45546,46014,46462,46936,47412,47877,48347,48827,49276,49715
310750,6814,6789,6766,6744,6724,6704,6686,6669,6652,6636,6620,6603,6586,6570,6553,6536,6521,6505
310760,3614,3659,3700,3738,3774,3808,3841,3871,3901,3930,3958,3988,4017,4047,4076,4106,4134,4162
310770,4941,5026,5103,5175,5243,5309,5371,5427,5483,5539,5592,5648,5705,5760,5815,5872,5926,5978
310780,16589,16466,16354,16250,16151,16056,15967,15884,15803,15723,15646,15565,15483,15403,15322,15240,15163,15087
310790,10784,10766,10750,10735,10721,10708,10695,10683,10672,10660,10649,10637,10626,10614,10603,10591,10580,10569
310800,17503,17510,17517,17523,17529,17535,17541,17546,17550,17555,17560,17565,17570,17575,17580,17585,17589,17594
310810,7043,7030,7018,7007,6997,6987,6977,6968,6960,6951,6943,6934,6926,6917,6909,6900,6892,6884
310820,6609,6526,6451,6380,6314,6250,6189,6134,6079,6025,5973,5918,5863,5809,5755,5699,5647,5596
310825,8065,8298,8509,8707,8895,9074,9243,9399,9553,9705,9851,10005,10160,10311,10464,10620,10766,10941
310830,14810,15152,15462,15753,16029,16292,16541,16770,16996,17219,17433,17660,17887,18109,18333,18562,18777,18987
310840,15489,15451,15416,15383,15352,15322,15294,15269,15243,15218,15194,15169,15143,15118,15093,15067,15043,15019
310850,7010,6959,6912,6868,6827,6787,6750,6716,6682,6648,6616,6582,6548,6514,6481,6446,6414,6383
310870,5238,5171,5110,5052,4998,4947,4898,4852,4808,4764,4722,4677,4633,4589,4545,4500,4458,4416
310855,11768,12122,12444,12746,13031,13304,13562,13799,14033,14265,14487,14722,14957,15188,15420,15658,15880,16097
310860,31044,31141,31229,31311,31389,31464,31534,31599,31663,31726,31787,31851,31916,31978,32042,32107,32168,32227
310880,5547,5492,5441,5394,5350,5307,5267,5229,5193,5157,5122,5085,5048,5012,4976,4939,4904,4870
310890,15555,15474,15400,15330,15265,15202,15143,15088,15034,14981,14930,14876,14822,14769,14715,14661,14610,14560
310900,27298,28249,29113,29922,30689,31421,32114,32751,33380,34001,34597,35227,35859,36478,37102,37740,38337,38920
310910,11213,11197,11183,11169,11157,11145,11133,11123,11112,11102,11092,11082,11071,11061,11050,11040,11030,11020
310920,10635,10615,10597,10580,10563,10548,10533,10520,10507,10494,10481,10468,10454,10441,10428,10415,10402,10390
310925,4051,4053,4054,4056,4058,4059,4060,4061,4063,4064,4065,4066,4067,4069,4070,4071,4072,4073
310930,20920,21211,21476,21724,21958,22182,22395,22590,22782,22973,23155,23348,23542,23731,23922,24117,24300,24479
310940,26570,26680,26781,26875,26963,27048,27129,27203,27276,27348,27417,27490,27563,27635,27708,27782,27851,27919
310945,6072,6137,6196,6252,6304,6354,6402,6446,6489,6531,6572,6615,6658,6701,6744,6787,6828,6868
310950,14080,14080,14079,14079,14079,14078,14078,14078,14078,14077,14077,14077,14076,14076,14076,14076,14075,14075
310960,3877,3857,3838,3821,3805,3789,3774,3760,3747,3734,3721,3708,3694,3681,3667,3654,3641,3629
310970,10826,10880,10928,10974,11017,11058,11097,11133,11168,11203,11237,11273,11308,11343,11378,11414,11448,11480
310270,8742,8792,8837,8879,8919,8958,8994,9027,9060,9093,9124,9157,9190,9222,9255,9288,9320,9350
310980,2364,2388,2411,2431,2451,2470,2487,2504,2520,2536,2551,2567,2583,2599,2615,2632,2647,2662
310990,8791,9001,9193,9372,9541,9703,9857,9998,10137,10274,10406,10546,10685,10822,10960,11101,11233,11363
311000,37232,37788,38293,38766,39214,39642,40048,40420,40787,41151,41499,41868,42237,42599,42964,43336,43685,44026
311010,4479,4555,4623,4688,4748,4807,4862,4912,4962,5012,5059,5109,5159,5208,5258,5309,5356,5403
311020,4298,4275,4254,4234,4216,4198,4181,4166,4151,4135,4121,4106,4090,4075,4060,4045,4030,4016
311030,13094,13197,13290,13378,13461,13540,13615,13684,13752,13820,13884,13952,14021,14088,14155,14224,14289,14352
311040,3624,3570,3522,3476,3433,3391,3352,3316,3281,3246,3212,3176,3141,3106,3071,3035,3001,2968
311050,21065,21117,21165,21210,21252,21292,21330,21365,21400,21434,21467,21502,21537,21571,21605,21640,21673,21705
311060,23560,24005,24409,24788,25146,25489,25813,26111,26405,26696,26975,27270,27566,27855,28147,28446,28725,28998
311070,12860,12857,12854,12851,12848,12845,12843,12841,12838,12836,12834,12832,12830,12827,12825,12823,12821,12819
311080,3507,3523,3537,3551,3564,3576,3588,3598,3609,3619,3629,3640,3650,3660,3671,3682,3692,3701
311090,14460,14624,14773,14912,15044,15170,15289,15399,15507,15614,15717,15826,15934,16041,16148,16258,16361,16462
311100,21081,21079,21077,21076,21074,21073,21071,21070,21069,21067,21066,21065,21063,21062,21061,21060,21058,21057
311110,19591,19602,19613,19623,19632,19641,19649,19657,19664,19672,19679,19687,19694,19702,19709,19717,19724,19731
311115,3666,3677,3687,3697,3706,3715,3723,3730,3738,3745,3752,3759,3767,3774,3782,3789,3796,3803
311120,50452,50718,50959,51185,51399,51604,51797,51975,52151,52325,52491,52667,52844,53017,53191,53369,53536,53699
311130,11730,11724,11719,11715,11710,11706,11702,11698,11694,11691,11687,11683,11680,11676,11672,11668,11665,11662
311140,5465,5664,5846,6015,6176,6330,6475,6609,6741,6871,6996,7128,7261,7391,7521,7655,7780,7903
311150,13149,13321,13477,13623,13761,13893,14019,14134,14247,14359,14467,14581,14695,14807,14919,15035,15142,15248
311160,27223,27338,27443,27541,27634,27722,27806,27883,27960,28035,28107,28183,28260,28335,28410,28488,28560,28631
311190,5810,5795,5781,5768,5755,5743,5732,5722,5712,5702,5692,5682,5672,5662,5652,5641,5632,5622
311170,4912,4886,4863,4840,4820,4800,4781,4763,4746,4729,4713,4696,4679,4662,4645,4627,4611,4595
311180,10906,10993,11072,11146,11216,11283,11347,11405,11463,11519,11574,11632,11690,11746,11803,11862,11916,11970
311200,14833,14837,14840,14844,14847,14850,14853,14855,14858,14861,14863,14866,14868,14871,14873,14876,14878,14881
311205,3937,3981,4020,4057,4093,4126,4158,4187,4216,4245,4272,4301,4330,4358,4387,4416,4444,4470
311210,5129,5152,5173,5192,5211,5228,5245,5260,5276,5291,5305,5320,5335,5350,5365,5381,5395,5409
311220,5092,5059,5030,5002,4976,4951,4927,4905,4884,4862,4842,4820,4799,4778,4756,4734,4714,4694
311230,31866,32332,32756,33152,33528,33886,34226,34538,34846,35151,35443,35752,36062,36365,36671,36983,37276,37562
311240,7615,7563,7517,7473,7431,7391,7354,7319,7285,7251,7219,7185,7151,7117,7083,7048,7016,6984
311250,8103,8226,8337,8441,8540,8635,8724,8806,8887,8967,9044,9125,9207,9287,9367,9449,9526,9601
311260,14773,14877,14971,15060,15144,15224,15300,15369,15438,15506,15571,15640,15709,15777,15845,15915,15980,16044
311265,4417,4495,4566,4632,4695,4755,4812,4865,4916,4967,5016,5068,5120,5170,5222,5274,5323,5371
311270,13450,13582,13703,13816,13922,14024,14121,14210,14297,14384,14467,14555,14643,14729,14816,14905,14988,15069
311280,7936,7988,8035,8079,8120,8160,8198,8233,8267,8301,8333,8367,8402,8435,8469,8504,8536,8568
311290,9061,9079,9095,9110,9124,9137,9150,9162,9173,9185,9196,9208,9219,9231,9242,9254,9265,9276
311300,21520,21681,21827,21964,22093,22217,22334,22442,22548,22653,22754,22861,22967,23072,23178,23285,23386,23485
311310,3567,3538,3513,3488,3465,3443,3422,3403,3385,3366,3348,3329,3310,3292,3273,3254,3236,3218
311320,21598,21882,22139,22381,22609,22828,23034,23224,23412,23597,23775,23963,24152,24336,24605,24795,24974,25148
311330,32742,32761,32779,32795,32810,32825,32839,32852,32864,32877,32889,32902,32914,32927,32939,32952,32964,32976
311340,79789,80703,81534,82311,83048,83752,84418,85031,85635,86232,86805,87411,88018,88613,89213,89826,90400,90927
311350,9198,9213,9227,9240,9253,9265,9276,9286,9296,9306,9316,9326,9336,9346,9356,9367,9376,9386
311360,5959,6018,6072,6123,6170,6216,6259,6299,6338,6377,6414,6453,6493,6531,6570,6610,6647,6684
311370,22560,22284,22032,21797,21574,21361,21160,20975,20792,20611,20438,20255,20071,19891,19710,19524,19351,19181
311380,2304,2328,2351,2371,2391,2410,2427,2444,2460,2476,2491,2507,2523,2539,2555,2572,2587,2602
311390,11898,11918,11937,11954,11970,11986,12000,12014,12027,12040,12053,12066,12080,12093,12106,12120,12132,12145
311400,10667,10727,10782,10833,10881,10927,10971,11011,11051,11090,11128,11168,11208,11247,11286,11327,11364,11401
311410,12868,13016,13150,13276,13395,13509,13617,13716,13814,13910,14003,14101,14199,14296,14393,14492,14585,14675
311420,17598,17960,18290,18598,18890,19169,19434,19676,19916,20153,20380,20620,20861,21097,21335,21578,21805,22028
311430,30217,30225,30233,30240,30247,30253,30259,30265,30270,30276,30281,30287,30292,30297,30303,30309,30314,30319
311440,20239,20312,20379,20441,20500,20556,20610,20659,20707,20755,20801,20850,20898,20946,20994,21043,21089,21134
311450,14717,15061,15375,15668,15945,16210,16462,16692,16920,17145,17361,17589,17818,18042,18268,18500,18716,18927
311455,9139,9205,9265,9321,9374,9425,9473,9517,9561,9604,9645,9689,9733,9775,9819,9863,9904,9945
311460,3987,3991,3995,3999,4003,4006,4009,4012,4015,4018,4021,4024,4027,4030,4033,4036,4038,4041
311470,3168,3198,3226,3252,3277,3300,3322,3343,3363,3383,3402,3422,3442,3462,3482,3503,3522,3541
311480,4855,4827,4802,4778,4755,4734,4713,4694,4676,4658,4640,4621,4603,4585,4566,4547,4530,4513
311490,2322,2317,2313,2309,2305,2301,2298,2294,2291,2288,2285,2282,2279,2275,2272,2269,2266,2263
311500,2689,2718,2744,2768,2791,2813,2834,2853,2872,2891,2909,2928,2947,2966,2985,3004,3022,3039
311510,17722,17723,17724,17726,17727,17728,17729,17729,17730,17731,17732,17733,17734,17735,17735,17736,17737,17738
311530,65625,66330,66971,67571,68140,68683,69197,69670,70136,70597,71039,71507,71975,72434,72897,73370,73813,74246
311535,4350,4426,4495,4560,4622,4680,4736,4787,4837,4887,4935,4986,5036,5086,5136,5187,5235,5281
311540,3373,3393,3411,3428,3444,3459,3474,3487,3500,3514,3526,3539,3552,3565,3579,3592,3604,3617
311545,7521,7431,7349,7273,7200,7131,7066,7005,6946,6887,6831,6771,6712,6653,6594,6534,6477,6422
311547,5474,5438,5405,5374,5345,5317,5291,5266,5242,5219,5196,5172,5148,5124,5101,5076,5054,5031
311550,22698,22621,22550,22484,22422,22362,22306,22254,22203,22152,22104,22053,22001,21951,21900,21848,21800,21752
311560,1322,1310,1300,1290,1280,1271,1263,1255,1247,1239,1232,1224,1216,1209,1201,1193,1186,1179
311570,6716,6739,6761,6781,6800,6818,6835,6850,6866,6881,6896,6912,6927,6942,6958,6974,6988,7003
311580,10499,10493,10488,10483,10479,10474,10470,10466,10462,10459,10455,10451,10447,10444,10440,10436,10432,10429
311590,2431,2485,2533,2579,2622,2664,2703,2739,2774,2809,2843,2879,2914,2949,2984,3020,3054,3087
311600,5809,5801,5794,5787,5781,5775,5769,5764,5759,5754,5749,5744,5739,5734,5728,5723,5718,5713
311610,15616,15597,15579,15563,15547,15532,15518,15505,15493,15480,15468,15455,15442,15430,15417,15404,15392,15380
311615,7457,7919,8339,8732,9105,9461,9797,10107,10412,10715,11004,11310,11617,11918,12221,12531,12821,13105
311620,3034,3008,2985,2963,2942,2922,2903,2886,2869,2852,2836,2819,2802,2785,2768,2751,2735,2719
311630,6508,6529,6548,6565,6582,6598,6613,6627,6640,6654,6667,6681,6695,6708,6722,6735,6748,6761
311640,4351,4387,4419,4450,4478,4506,4532,4556,4579,4603,4625,4649,4672,4696,4719,4743,4765,4787
311650,8404,8341,8283,8229,8178,8129,8083,8041,7999,7958,7918,7876,7834,7793,7751,7709,7669,7630
311660,23101,23511,23883,24231,24562,24877,25176,25450,25721,25988,26245,26517,26789,27055,27324,27599,27856,28107
311670,6691,6755,6814,6868,6920,6969,7016,7059,7102,7144,7184,7227,7269,7311,7353,7396,7437,7476
311680,9610,9555,9506,9459,9415,9373,9333,9296,9260,9224,9190,9154,9117,9082,9046,9009,8975,8941
311690,2915,2930,2943,2955,2967,2978,2989,2999,3008,3018,3027,3037,3046,3056,3065,3075,3084,3093
311700,10466,10203,9965,9741,9529,9327,9136,8960,8786,8615,8450,8276,8101,7930,7758,7582,7417,7256
311710,9613,9663,9709,9752,9793,9832,9868,9902,9935,9968,10000,10033,10067,10100,10133,10167,10198,10229
311520,4124,4111,4100,4089,4079,4069,4060,4052,4043,4035,4027,4019,4010,4002,3994,3985,3977,3970
311730,17597,18361,19057,19707,20324,20912,21470,21982,22487,22987,23466,23973,24481,24979,25480,25993,26473,26942
311720,2784,2786,2788,2790,2791,2793,2795,2796,2797,2799,2800,2801,2803,2804,2805,2807,2808,2809
311740,4490,4496,4502,4507,4512,4517,4522,4526,4530,4534,4538,4542,4546,4550,4554,4559,4563,4566
311750,19116,19002,18897,18800,18708,18619,18536,18459,18384,18309,18237,18161,18085,18010,17935,17858,17784,17713
311760,4916,4960,5000,5037,5073,5106,5138,5168,5197,5225,5253,5282,5311,5340,5369,5398,5426,5453
311770,12589,12667,12738,12804,12867,12927,12984,13036,13087,13138,13187,13239,13290,13341,13392,13445,13493,13541
311780,9159,9344,9512,9670,9819,9961,10096,10220,10342,10463,10579,10702,10825,10945,11054,11178,11295,11408
311783,6644,6720,6790,6855,6917,6976,7031,7083,7133,7183,7231,7282,7333,7382,7432,7484,7532,7547
311787,5137,5255,5363,5463,5559,5650,5736,5815,5894,5971,6045,6123,6202,6279,6357,6436,6510,6583
311790,8950,9173,9375,9565,9744,9916,10078,10228,10375,10520,10660,10808,10956,11101,11247,11396,11536,11673
311800,42317,43241,44081,44867,45613,46324,46998,47617,48228,48832,49411,50024,50638,51239,51846,52466,53046,53613
311810,5023,5024,5026,5027,5028,5029,5030,5031,5032,5033,5034,5035,5036,5037,5038,5039,5043,5044
311820,6258,6309,6354,6397,6438,6477,6514,6548,6581,6614,6646,6680,6713,6746,6779,6813,6845,6876
311830,105480,107196,108756,110216,111600,112921,114172,115322,116456,117578,118653,119791,120931,122048,123174,124325,125402,126455
311840,22293,22340,22382,22422,22459,22495,22529,22560,22591,22622,22651,22682,22713,22743,22774,22805,22834,22863
311850,1743,1745,1747,1749,1750,1752,1754,1755,1756,1758,1759,1760,1762,1763,1776,1778,1779,1780
311860,548501,557102,564923,572240,579176,585799,592070,597833,603518,609142,614531,620234,625952,631548,637194,642964,648363,653641
311870,9859,9807,9760,9716,9674,9634,9596,9561,9527,9493,9460,9426,9391,9357,9323,9288,9256,9224
311880,26391,26407,26421,26434,26447,26459,26470,26481,26491,26501,26511,26521,26532,26542,26552,26563,26572,26582
311890,8741,8752,8762,8772,8780,8789,8797,8805,8812,8819,8826,8833,8841,8848,8855,8863,8870,8876
311900,3445,3452,3458,3464,3470,3475,3480,3485,3489,3494,3498,3503,3507,3512,3516,3521,3525,3529
311910,25177,25070,24972,24881,24794,24712,24633,24561,24490,24420,24353,24282,24210,24141,24070,23998,23931,23865
311920,11080,10999,10926,10857,10792,10729,10670,10616,10563,10510,10459,10405,10352,10299,10246,10192,10141,10091
311930,28158,28144,28132,28120,28109,28099,28089,28080,28071,28062,28053,28044,28035,28026,28017,28008,27999,27991
311940,99957,100692,101360,101985,102578,103144,103680,104172,104658,105139,105599,106086,106575,107053,107535,108028,108490,108941
311950,9369,9358,9348,9339,9330,9322,9314,9306,9299,9292,9285,9278,9270,9263,9256,9249,9242,9235
311960,2975,2983,2991,2998,3004,3011,3017,3022,3027,3033,3038,3043,3049,3054,3060,3065,3070,3075
311970,3267,3279,3291,3301,3311,3321,3330,3338,3346,3354,3362,3370,3378,3386,3395,3403,3411,3418
311980,3768,3727,3690,3655,3622,3590,3560,3533,3506,3479,3453,3426,3399,3372,3345,3317,3292,3266
311990,3925,3909,3894,3880,3866,3854,3842,3831,3820,3809,3799,3788,3777,3767,3756,3745,3734,3724
311995,5312,5388,5457,5522,5583,5642,5697,5748,5799,5848,5896,5946,5997,6047,6096,6147,6195,6242
312000,3732,3661,3596,3535,3477,3422,3370,3323,3275,3229,3184,3137,3089,3043,2996,2948,2903,2859
312010,4110,4132,4153,4171,4189,4207,4223,4238,4252,4267,4281,4296,4311,4325,4340,4355,4369,4382
312015,5434,5528,5614,5694,5770,5843,5912,5975,6037,6099,6158,6221,6283,6345,6406,6470,6529,6587
312020,9763,9988,10193,10385,10567,10740,10905,11056,11204,11352,11493,11642,11792,11939,12087,12238,12379,12518
312030,5727,5745,5762,5777,5792,5806,5819,5831,5843,5855,5866,5878,5890,5902,5914,5926,5937,5948
312040,5031,5040,5048,5055,5063,5069,5076,5082,5088,5093,5099,5105,5111,5117,5122,5128,5134,5139
312050,10605,10578,10554,10531,10509,10488,10468,10450,10433,10415,10398,10380,10362,10345,10327,10309,10292,10275
312060,4592,4625,4655,4683,4709,4734,4758,4780,4802,4823,4844,4866,4888,4909,4930,4953,4973,4993
312070,3816,3841,3863,3884,3904,3923,3941,3958,3974,3990,4006,4022,4039,4055,4071,4088,4103,4119
312080,14119,14215,14303,14385,14463,14537,14607,14672,14736,14799,14859,14923,14987,15050,15113,15178,15238,15297
312083,4479,4516,4550,4582,4612,4641,4668,4693,4718,4743,4766,4791,4816,4840,4865,4890,4913,4936
312087,6127,6246,6354,6455,6551,6643,6729,6809,6888,6965,7040,7119,7198,7275,7353,7433,7508,7581
312090,69248,70073,70823,71526,72191,72826,73428,73981,74526,75066,75583,76130,76457,76992,77532,78084,78601,79105
312100,5170,5188,5204,5219,5234,5247,5260,5272,5284,5296,5307,5319,5331,5342,5354,5366,5377,5388
312110,8239,8223,8209,8195,8182,8170,8158,8148,8137,8127,8117,8106,8096,8086,8075,8064,8054,8045
312120,6746,6773,6798,6822,6844,6865,6885,6903,6921,6939,6956,6974,6992,7010,7028,7046,7064,7080
312125,5195,5591,5952,6289,6609,6914,7203,7468,7730,7990,8238,8501,8764,9022,9282,9548,9797,10040
312130,4648,4675,4700,4723,4745,4765,4785,4803,4821,4839,4856,4874,4892,4910,4927,4946,4963,4979
312140,6982,7001,7019,7036,7051,7066,7080,7093,7106,7119,7131,7144,7157,7169,7182,7195,7207,7219
312150,3294,3265,3238,3213,3190,3167,3146,3127,3107,3088,3070,3051,3031,3012,2993,2974,2955,2937
312160,45397,45570,45727,45874,46013,46146,46272,46388,46502,46615,46723,46838,46952,47065,47178,47294,47402,47508
312170,4074,4054,4035,4018,4002,3986,3972,3958,3945,3932,3919,3906,3892,3879,3866,3852,3840,3827
312180,10453,10251,10067,9895,9732,9576,9428,9293,9159,9027,8900,8766,8631,8500,8367,8231,8104,7980
312190,3270,3281,3291,3300,3309,3317,3325,3333,3340,3347,3354,3361,3369,3376,3383,3390,3397,3404
312200,18894,18971,19041,19106,19169,19228,19284,19336,19386,19437,19485,19536,19587,19637,19688,19739,19788,19835
312210,5093,5085,5077,5070,5063,5056,5050,5044,5039,5033,5028,5022,5017,5011,5006,5000,4995,4990
312220,6599,6671,6737,6798,6856,6912,6965,7013,7061,7108,7153,7201,7249,7296,7343,7392,7437,7481
312230,188692,192370,195715,198844,201811,204643,207325,209789,212220,214625,216930,219369,221814,224208,226622,229090,231398,233655
312235,4939,5076,5201,5318,5428,5534,5634,5726,5816,5906,5992,6083,6174,6263,6353,6445,6532,6616
312240,5681,5705,5728,5749,5768,5787,5805,5821,5838,5854,5869,5885,5902,5917,5934,5950,5965,5980
312245,6647,6972,7267,7543,7805,8055,8291,8509,8723,8936,9139,9354,9570,9781,9994,10212,10416,10615
312247,4159,4123,4091,4060,4031,4004,3978,3954,3930,3906,3884,3860,3836,3813,3790,3766,3743,3721
312250,5614,5574,5537,5503,5470,5439,5410,5383,5357,5330,5305,5278,5252,5225,5199,5172,5147,5122
312260,4819,4793,4769,4747,4726,4705,4686,4669,4652,4634,4618,4601,4583,4566,4549,4531,4515,4499
312270,5362,5353,5344,5336,5329,5322,5315,5309,5303,5297,5291,5285,5279,5273,5267,5260,5255,5249
312280,3112,3104,3096,3089,3083,3076,3070,3065,3060,3054,3049,3044,3038,3033,3027,3022,3017,3012
312290,5500,5580,5652,5720,5784,5845,5903,5956,6009,6061,6111,6164,6217,6268,6321,6374,6424,6473
312300,8564,8682,8789,8890,8985,9076,9162,9241,9319,9396,9470,9548,9627,9704,9781,9860,9934,10007
312310,5518,5492,5469,5446,5426,5406,5387,5369,5352,5335,5319,5302,5285,5268,5251,5233,5217,5201
312320,14758,14663,14577,14497,14420,14347,14278,14215,14152,14090,14031,13968,13905,13844,13781,13718,13659,13600
312330,4922,4873,4828,4786,4746,4708,4673,4640,4607,4575,4544,4511,4479,4447,4414,4381,4350,4320
312340,1385,1396,1405,1414,1423,1431,1438,1446,1452,1459,1466,1473,1480,1487,1494,1501,1508,1514
312350,1831,1837,1842,1847,1851,1856,1860,1864,1868,1871,1875,1879,1883,1886,1890,1894,1898,1901
312352,7185,7234,7278,7319,7359,7396,7432,7464,7497,7528,7559,7591,7624,7655,7687,7720,7751,7781
312360,22511,22924,23300,23651,23985,24303,24604,24881,25154,25424,25683,25957,26232,26501,26772,27049,27308,27562
312370,9587,9702,9806,9904,9997,10085,10169,10246,10322,10397,10469,10545,10622,10696,10772,10849,10921,10991
312380,7267,7265,7264,7262,7260,7259,7258,7257,7255,7254,7253,7252,7251,7249,7248,7247,7246,7245
312385,5184,5195,5205,5215,5224,5233,5241,5248,5256,5263,5270,5277,5285,5292,5300,5307,5314,5355
312390,13451,13588,13713,13830,13940,14046,14146,14238,14328,14418,14504,14595,14686,14775,14865,14957,15044,15128
312400,17456,17563,17660,17751,17837,17919,17997,18069,18139,18209,18276,18347,18418,18487,18557,18629,18696,18762
312410,48301,50004,51553,53003,54377,55688,56930,58072,59198,60312,61379,62509,63641,64750,65868,67010,68080,69125
312420,21056,21345,21608,21854,22087,22310,22521,22715,22906,23095,23276,23468,23660,23848,24038,24232,24413,24591
312430,31775,31763,31753,31743,31733,31724,31716,31708,31700,31692,31685,31677,31669,31662,31654,31646,31639,31632
312440,4269,4300,4329,4356,4381,4405,4428,4449,4470,4490,4510,4531,4552,4572,4593,4614,4633,4653
312450,10633,10687,10735,10781,10824,10865,10904,10940,10975,11010,11044,11080,11115,11150,11185,11221,11255,11287
312460,2743,2713,2686,2661,2637,2614,2593,2573,2553,2534,2515,2495,2476,2456,2437,2417,2398,2380
312470,3689,3675,3662,3650,3639,3628,3618,3608,3599,3590,3581,3572,3562,3553,3544,3534,3526,3517
312480,7060,7128,7190,7248,7303,7355,7405,7451,7496,7540,7583,7628,7673,7718,7763,7808,7851,7893
312490,10017,10110,10195,10275,10350,10422,10490,10553,10614,10675,10734,10796,10858,10919,10980,11043,11101,11159
312500,3701,3717,3731,3745,3757,3769,3781,3791,3802,3812,3822,3832,3843,3853,3864,3874,3884,3894
312510,19713,20939,22054,23097,24085,25029,25923,26745,27555,28357,29125,29938,30753,31551,32355,33178,33947,34700
312520,2414,2411,2409,2406,2404,2402,2400,2398,2397,2395,2393,2391,2389,2388,2386,2384,2382,2381
312530,3699,3665,3634,3605,3578,3552,3527,3504,3482,3459,3438,3415,3393,3371,3348,3326,3304,3283
312540,5876,5793,5717,5646,5579,5514,5454,5398,5343,5288,5236,5181,5125,5071,5016,4960,4908,4857
312560,6401,6479,6551,6617,6681,6741,6798,6851,6903,6954,7003,7055,7107,7158,7210,7262,7311,7360
312570,13113,13278,13428,13569,13702,13829,13949,14060,14169,14277,14380,14489,14599,14707,14815,14926,15029,15130
312580,2629,2689,2743,2793,2841,2887,2931,2970,3010,3049,3086,3125,3165,3204,3243,3283,3320,3357
312590,12648,12438,12247,12068,11899,11737,11584,11444,11305,11168,11036,10897,10757,10621,10483,10342,10210,10081
312595,9920,10001,10074,10143,10208,10270,10328,10382,10436,10488,10539,10592,10646,10699,10751,10806,10856,10906
312600,5792,5913,6023,6126,6224,6317,6405,6486,6566,6645,6721,6801,6882,6960,7075,7157,7234,7309
312610,64524,64759,64972,65172,65361,65541,65712,65870,66025,66178,66325,66481,66637,66789,66943,67101,67248,67392
312620,6690,6903,7097,7279,7450,7615,7770,7913,8054,8193,8327,8468,8610,8749,8889,9032,9166,9297
312630,3856,3897,3935,3970,4003,4035,4065,4093,4120,4147,4173,4200,4228,4255,4282,4310,4335,4361
312640,2500,2533,2563,2592,2618,2644,2668,2691,2712,2734,2755,2777,2799,2821,2843,2865,2886,2906
312650,10574,10556,10540,10524,10510,10496,10483,10471,10459,10447,10436,10424,10412,10400,10389,10377,10365,10354
312660,4603,4648,4690,4728,4765,4800,4833,4864,4894,4924,4952,4982,5012,5042,5072,5102,5131,5159
312670,24168,24325,24467,24600,24726,24847,24961,25066,25170,25272,25370,25474,25578,25680,25783,25888,25986,26082
312675,6591,6502,6421,6345,6273,6205,6140,6080,6021,5963,5907,5848,5789,5731,5672,5612,5557,5502
312680,6129,6111,6094,6078,6063,6049,6035,6023,6011,5999,5987,5975,5962,5950,5938,5926,5914,5903
312690,8386,8477,8560,8637,8710,8780,8847,8907,8968,9027,9084,9144,9205,9264,9324,9385,9442,9497
312695,3273,3288,3302,3315,3327,3339,3350,3360,3370,3380,3390,3400,3410,3420,3430,3440,3450,3459
312700,9256,9913,10510,11069,11599,12105,12584,13024,13458,13887,14299,14735,15171,15599,16030,16471,16883,17286
312705,5028,4995,4965,4936,4910,4884,4860,4837,4816,4794,4773,4751,4729,4707,4685,4663,4642,4622
312707,6951,6834,6727,6627,6532,6441,6356,6277,6199,6123,6049,5971,5893,5817,5739,5661,5587,5515
312710,47763,48634,49426,50168,50870,51541,52176,52760,53336,53905,54451,55029,55608,56175,56746,57331,57878,58412
312720,3365,3438,3505,3567,3626,3682,3735,3784,3832,3880,3926,3974,4023,4071,4119,4168,4213,4258
312730,7427,7382,7340,7302,7265,7230,7197,7167,7137,7107,7079,7049,7019,6989,6960,6929,6901,6873
312733,5398,5377,5357,5339,5321,5305,5289,5275,5261,5246,5233,5219,5204,5190,5176,5162,5148,5135
312735,2838,2861,2882,2902,2921,2939,2955,2971,2986,3001,3016,3031,3047,3062,3077,3093,3107,3121
312737,2785,2827,2866,2901,2936,2968,2999,3027,3055,3083,3109,3137,3165,3193,3220,3249,3275,3301
312738,3408,3449,3487,3522,3556,3588,3618,3646,3673,3700,3726,3753,3781,3808,3835,3863,3889,3914
312740,4229,4238,4246,4254,4261,4268,4275,4281,4286,4292,4298,4304,4310,4316,4322,4328,4333,4339
312750,5860,5882,5902,5921,5939,5956,5972,5987,6002,6016,6030,6045,6059,6074,6088,6103,6117,6131
312760,11990,11978,11967,11956,11946,11937,11928,11920,11912,11904,11896,11888,11880,11872,11864,11856,11848,11840
312770,253485,255445,257228,258895,260476,261986,263415,264728,266024,267306,268534,269834,271137,272412,273699,275014,276245,277448
312780,14590,14682,14767,14845,14920,14991,15058,15120,15182,15242,15300,15361,15423,15483,15544,15606,15664,15721
312790,1411,1409,1408,1406,1405,1404,1402,1401,1400,1399,1398,1397,1396,1395,1394,1392,1391,1390
312800,28544,28973,29363,29728,30073,30404,30716,31004,31287,31567,31836,32120,32405,32684,32966,33254,33523,33786
312810,13970,13990,14009,14026,14043,14059,14074,14087,14101,14114,14127,14141,14154,14167,14181,14195,14207,14220
312820,10526,10511,10497,10485,10473,10461,10450,10440,10430,10420,10411,10401,10391,10381,10372,10361,10352,10343
312825,4584,4613,4639,4663,4687,4709,4730,4749,4768,4787,4805,4824,4843,4862,4881,4900,4918,4936
312830,19107,19101,19095,19089,19084,19079,19075,19070,19066,19062,19058,19054,19050,19045,19041,19037,19033,19029
312840,8739,8752,8763,8774,8785,8794,8804,8812,8821,8829,8837,8845,8854,8862,8871,8879,8887,8895
312850,4273,4238,4205,4175,4147,4119,4094,4070,4046,4023,4001,3978,3954,3931,3908,3884,3862,3840
312860,6827,6809,6792,6776,6761,6747,6734,6722,6710,6698,6686,6674,6662,6650,6638,6625,6614,6602
312870,48245,48518,48766,48997,49217,49427,49626,49809,49989,50167,50338,50519,50700,50877,51056,51239,51410,51578
312880,7683,7638,7597,7559,7523,7488,7455,7425,7396,7366,7338,7308,7278,7249,7220,7189,7161,7134
312890,6548,6659,6759,6854,6943,7028,7109,7183,7256,7329,7398,7471,7545,7617,7690,7764,7834,7901
312900,9497,9415,9340,9270,9204,9141,9081,9026,8972,8918,8867,8813,8758,8705,8651,8596,8544,8494
312910,7060,6954,6859,6769,6684,6602,6526,6455,6385,6316,6250,6180,6110,6041,5972,5901,5835,5770
312920,5802,5858,5909,5957,6002,6045,6086,6124,6161,6198,6233,6270,6308,6344,6381,6419,6454,6488
312930,9968,10038,10102,10161,10217,10271,10322,10369,10415,10461,10505,10551,10598,10643,10689,10736,10780,10823
312940,5272,5253,5236,5221,5206,5191,5178,5165,5153,5141,5129,5117,5104,5092,5080,5067,5056,5044
312950,21585,21853,22097,22326,22542,22749,22944,23124,23301,23477,23645,23823,24001,24176,24352,24532,24700,24865
312960,7437,7508,7573,7633,7691,7745,7797,7845,7892,7938,7983,8030,8077,8124,8170,8218,8263,8306
312965,6702,6645,6594,6546,6500,6457,6416,6378,6340,6303,6268,6231,6193,6156,6119,6081,6046,6011
312970,10492,10741,10967,11178,11378,11570,11751,11918,12082,12244,12400,12565,12730,12892,13055,13222,13378,13530
312980,136465,139775,142784,145601,148270,150818,153232,155449,157637,159801,161875,164070,166270,168424,170596,172817,174894,176925
312990,3386,3394,3400,3407,3413,3419,3424,3429,3434,3439,3444,3449,3454,3459,3464,3469,3474,3478
313000,2826,2838,2849,2859,2869,2879,2887,2895,2903,2911,2919,2927,2935,2943,2951,2959,2967,2974
313005,9555,9736,9900,10054,10200,10339,10471,10592,10711,10830,10943,11063,11183,11301,11419,11541,11654,11765
313010,25477,26781,27967,29077,30129,31133,32085,32959,33821,34674,35491,36356,37223,38072,38928,39803,40622,41422
313020,7544,7790,8014,8224,8422,8612,8791,8956,9119,9280,9434,9597,9761,9921,10083,10248,10402,10553
313030,8482,8442,8406,8372,8340,8310,8281,8254,8228,8202,8177,8151,8124,8098,8072,8046,8021,7996
313040,5194,5295,5386,5472,5553,5631,5704,5772,5838,5904,5967,6034,6101,6166,6232,6300,6363,6425
313050,10803,10920,11026,11125,11219,11309,11394,11472,11550,11626,11699,11776,11854,11930,12007,12085,12158,12230
313055,6063,6125,6182,6235,6286,6334,6379,6421,6462,6503,6542,6583,6625,6665,6706,6748,6787,6826
313060,6646,6697,6743,6786,6827,6866,6903,6937,6970,7003,7035,7069,7102,7135,7169,7203,7234,7265
313065,7616,7596,7578,7562,7546,7531,7516,7503,7490,7477,7465,7452,7439,7426,7413,7400,7388,7376
313070,5526,5627,5719,5806,5887,5965,6039,6107,6174,6241,6304,6371,6439,6505,6571,6639,6703,6765
313080,2558,2574,2588,2601,2613,2625,2637,2647,2657,2667,2677,2687,2698,2708,2718,2728,2738,2747
313090,25535,25431,25337,25249,25166,25086,25010,24941,24873,24805,24740,24671,24602,24535,24467,24398,24333,24269
313100,5329,5399,5463,5522,5578,5632,5683,5730,5776,5822,5866,5912,5959,6004,6050,6097,6141,6184
313110,6273,6348,6416,6480,6540,6598,6652,6703,6752,6801,6848,6898,7169,7220,7270,7323,7371,7419
313115,14905,15180,15430,15664,15885,16097,16297,16481,16663,16843,17015,17197,17380,17559,17739,17924,18096,18265
313120,16705,16939,17152,17352,17541,17721,17892,18049,18204,18357,18504,18659,18815,18968,19121,19279,19426,19570
313130,217960,221335,224403,227275,229996,232594,235055,237316,239547,241754,243868,246106,248349,250545,252760,255024,257143,259213
313140,4130,4137,4143,4149,4154,4159,4164,4169,4173,4178,4182,4186,4191,4195,4200,4204,4209,4213
313150,9188,9254,9314,9371,9424,9475,9523,9568,9611,9655,9696,9740,9784,9827,9870,9915,9956,9997
313160,6055,6124,6187,6246,6302,6355,6405,6452,6497,6543,6586,6632,6678,6723,6768,6815,6858,6901
313170,100850,102276,103573,104787,105937,107035,108075,109031,109974,110906,111800,112746,113694,114622,115558,116515,117410,118286
313180,10061,10169,10267,10358,10445,10528,10607,10679,10750,10821,10888,10959,11031,11101,11172,11244,11312,11378
313190,38876,39841,40718,41539,42318,43060,43764,44411,45048,45679,46284,46924,47565,48193,48827,49474,50080,50672
313200,4675,4728,4776,4821,4863,4904,4942,4978,5012,5047,5080,5115,5150,5184,5219,5254,5288,5320
313210,17904,17922,17939,17955,17970,17984,17998,18010,18022,18034,18046,18058,18071,18083,18095,18107,18119,18130
313220,11593,11724,11843,11955,12060,12161,12257,12345,12431,12517,12599,12686,12773,12858,12944,13032,13114,13195
313230,11027,11156,11273,11382,11486,11585,11679,11765,11850,11934,12015,12100,12186,12270,12354,12440,12521,12600
313240,86298,87083,87797,88465,89097,89702,90274,90800,91319,91832,92324,92845,93366,93877,94392,94919,95412,95893
313250,30156,30496,30805,31094,31369,31630,31878,32106,32331,32553,32766,32991,33217,33439,33662,33890,34103,34312
313260,3888,3923,3954,3984,4012,4038,4064,4087,4110,4132,4154,4177,4200,4223,4245,4269,4290,4312
313270,23251,23248,23245,23243,23240,23238,23236,23234,23232,23230,23228,23226,23224,23222,23220,23218,23216,23214
313280,2648,2606,2568,2532,2498,2466,2435,2407,2379,2351,2325,2297,2269,2242,2214,2186,2160,2134
313290,10999,10939,10885,10834,10785,10739,10695,10655,10616,10577,10539,10499,10459,10420,10381,10341,10303,10267
313300,12511,12739,12946,13140,13324,13499,13665,13818,13968,14117,14260,14411,14563,14711,14860,15013,15156,15296
313310,13247,13402,13542,13674,13799,13918,14031,14135,14237,14338,14435,14538,14640,14741,14843,14947,15044,15139
313320,11870,11897,11921,11943,11965,11985,12005,12022,12040,12057,12074,12092,12109,12127,12144,12162,12179,12195
313330,21818,21762,21711,21663,21618,21575,21534,21496,21459,21422,21387,21350,21312,21276,21239,21201,21166,21132
313340,12136,12367,12576,12773,12959,13136,13305,13459,13612,13762,13907,14060,14213,14363,14515,14670,14814,14956
313350,21781,21780,21778,21777,21776,21775,21774,21773,21772,21771,21770,21769,21768,21767,21766,21765,21764,21763
313360,7550,7716,7867,8008,8141,8269,8390,8501,8611,8719,8823,8933,9043,9151,9260,9371,9475,9577
313370,8736,8915,9078,9230,9374,9512,9643,9763,9881,9998,10110,10229,10348,10464,10582,10702,10814,10924
313375,14043,14196,14336,14466,14590,14708,14820,14922,15024,15124,15220,15322,15424,15523,15624,15727,15823,15917
313380,78838,79905,80876,81784,82645,83467,84245,84961,85666,86364,87033,87741,88450,89145,89846,90562,91232,91887
313390,6552,6468,6391,6320,6252,6187,6126,6069,6014,5959,5906,5850,5794,5740,5684,5628,5575,5523
313400,14251,14306,14356,14402,14447,14489,14529,14566,14602,14638,14672,14708,14745,14781,14816,14853,14888,14921
313410,5786,5806,5824,5840,5856,5871,5886,5899,5912,5925,5937,5950,5963,5976,5989,6002,6014,6026
313420,91382,92369,93266,94105,94901,95661,96380,97041,97694,98339,98957,99611,100267,100909,101557,102219,102838,103444
313430,6555,6516,6480,6446,6414,6384,6355,6329,6303,6277,6252,6226,6200,6174,6148,6122,6097,6073
313440,29555,30276,30931,31545,32126,32681,33207,33690,34166,34637,35089,35567,36046,36515,36988,37472,37924,38367
313450,4246,4212,4181,4152,4125,4099,4074,4051,4029,4006,3985,3962,3940,3918,3895,3873,3851,3830
313460,13878,14343,14766,15162,15537,15895,16234,16546,16853,17158,17449,17757,18067,18369,18675,18987,19279,19564
313470,12398,12393,12388,12383,12379,12375,12371,12367,12364,12360,12357,12353,12350,12346,12343,12339,12336,12333
313480,7579,7587,7594,7601,7607,7613,7619,7625,7630,7635,7640,7645,7651,7656,7661,7666,7671,7676
313490,19493,19975,20412,20822,21210,21581,21932,22255,22573,22888,23190,23509,23829,24143,24459,24782,25084,25380
313500,2928,2943,2957,2970,2982,2994,3005,3015,3025,3035,3045,3055,3065,3075,3085,3095,3105,3114
313505,27989,28799,29535,30223,30876,31500,32090,32632,33167,33697,34204,34741,35279,35806,36337,36880,37404,37901
313507,4837,4879,4917,4953,4987,5019,5050,5078,5106,5134,5160,5188,5216,5243,5271,5299,5325,5351
313510,63236,63861,64429,64960,65464,65944,66400,66818,67231,67640,68031,68445,68860,69267,69677,70096,70488,70871
313520,65240,65426,65595,65753,65902,66045,66181,66305,66428,66550,66666,66789,66913,67034,67155,67280,67397,67511
313530,3562,3620,3674,3723,3771,3816,3858,3897,3936,3974,4011,4050,4089,4127,4165,4204,4241,4277
313535,8293,8313,8332,8349,8366,8382,8397,8410,8424,8437,8450,8464,8477,8490,8504,8518,8530,8543
313540,6266,6165,6074,5988,5907,5830,5757,5689,5623,5557,5494,5427,5360,5295,5229,5162,5098,5037
313545,6657,6734,6804,6869,6931,6990,7046,7098,7149,7199,7247,7298,7349,7399,7450,7501,7549,7596
313550,14009,13889,13779,13676,13579,13487,13399,13318,13238,13159,13084,13004,12924,12846,12767,12686,12610,12536
313560,8975,8868,8770,8679,8593,8510,8432,8360,8289,8219,8152,8081,8010,7940,7870,7798,7730,7665
313570,5304,5297,5291,5285,5279,5274,5269,5264,5260,5255,5251,5246,5242,5237,5233,5228,5224,5220
313580,23491,23632,23760,23880,23994,24103,24206,24300,24393,24486,24574,24668,24761,24853,24946,25040,25129,25215
313590,4947,4935,4924,4914,4905,4896,4887,4879,4871,4863,4856,4848,4840,4833,4825,4817,4809,4802
313600,14929,14966,15000,15032,15062,15091,15118,15143,15168,15193,15216,15241,15266,15290,15315,15340,15363,15386
313610,6787,6623,6473,6333,6201,6074,5954,5844,5735,5628,5525,5416,5307,5200,5092,4982,4878,4778
313620,68405,69259,70036,70763,71452,72109,72732,73305,73869,74428,74963,75529,76097,76653,77214,77787,78323,78847
313630,42432,42909,43342,43748,44132,44499,44847,45166,45482,45793,46092,46408,46725,47035,47348,47668,47967,48260
313640,3972,4026,4074,4120,4163,4205,4244,4280,4315,4350,4384,4420,4455,4490,4525,4561,4595,4628
313650,10119,10170,10217,10261,10303,10342,10380,10414,10448,10482,10514,10548,10582,10616,10650,10684,10716,10748
313652,4817,4794,4772,4752,4733,4715,4698,4683,4667,4652,4637,4621,4606,4591,4575,4559,4545,4530
313655,3741,3834,3919,3998,4073,4145,4213,4275,4337,4398,4456,4518,4580,4640,4701,4764,4822,4879
313657,4362,4400,4434,4466,4496,4525,4552,4577,4602,4626,4650,4675,4700,4724,4749,4774,4798,4821
313665,16810,17565,18252,18895,19504,20086,20637,21143,21643,22137,22610,23111,23613,24105,24566,25072,25545,26007
313670,468541,475991,482764,489103,495111,500846,506279,511270,516194,521065,525733,530673,535625,540473,545362,550360,555036,559608
313680,4001,4025,4048,4069,4088,4107,4125,4141,4158,4174,4189,4205,4222,4237,4254,4270,4285,4300
313690,7877,8076,8258,8427,8588,8742,8887,9021,9153,9283,9408,9540,9673,9803,9933,10067,10192,10315
313695,7337,7304,5902,5889,5876,5864,5853,5843,5833,5823,5813,5803,5793,5783,5773,5762,5753,5743
313700,16239,16378,16504,16623,16735,16842,16943,17036,17128,17219,17306,17398,17491,17581,17672,17765,17853,17938
313710,7908,7886,7866,7848,7830,7813,7797,7782,7768,7754,7740,7725,7711,7697,7682,7668,7654,7640
313720,39755,40676,41514,42298,43041,43751,44423,45040,45649,46252,46829,47440,48053,48652,49257,49875,50454,51019
313730,4569,4534,4503,4473,4445,4419,4393,4370,4347,4325,4303,4280,4257,4234,4212,4188,4167,4145
313740,11781,11872,11955,12033,12106,12176,12243,12304,12364,12424,12481,12541,12602,12661,12721,12782,12840,12896
313750,16712,16812,16902,16987,17067,17144,17216,17283,17349,17414,17476,17542,17608,17673,17738,17805,17867,17929
313753,7806,7934,8051,8160,8263,8362,8455,8541,8626,8710,8790,8875,8960,9044,9128,9214,9294,9373
313760,38846,40753,42487,44109,45647,47115,48505,49783,51043,52290,53485,54749,56017,57258,58509,59789,60986,62156
313770,20030,20022,20015,20008,20002,19996,19990,19984,19979,19974,19969,19964,19958,19953,19948,19943,19938,19933
313780,18718,18874,19015,19148,19273,19393,19507,19611,19714,19815,19913,20016,20120,20221,20323,20428,20525,20621
313790,3679,3658,3638,3620,3603,3586,3571,3556,3542,3528,3515,3501,3487,3473,3459,3444,3431,3418
313800,6284,6323,6359,6392,6423,6453,6482,6508,6534,6560,6584,6610,6636,6661,6687,6713,6738,6762
313810,6723,6707,6693,6680,6667,6655,6644,6633,6623,6613,6603,6593,6582,6572,6562,6551,6542,6532
313820,80797,82503,84054,85506,86881,88195,89439,90582,91710,92825,93894,95025,96159,97269,98389,99534,100605,101651
313830,3310,3304,3299,3293,3289,3284,3280,3276,3272,3268,3264,3260,3256,3252,3248,3244,3240,3237
313835,4858,4862,4866,4870,4874,4877,4880,4883,4886,4889,4892,4895,4898,4901,4904,4907,4909,4912
313840,51385,51474,51555,51631,51703,51772,51837,51897,51956,52014,52070,52129,52188,52247,52305,52365,52421,52476
313850,5941,5876,5817,5762,5710,5660,5613,5570,5527,5485,5444,5401,5358,5316,5273,5230,5189,5150
313860,16112,16156,16195,16232,16267,16301,16332,16362,16390,16419,16446,16475,16504,16532,16561,16590,16617,16644
313862,6329,6419,6500,6576,6649,6718,6783,6843,6902,6961,7017,7076,7136,7194,7253,7313,7370,7425
313865,7873,7961,8042,8117,8188,8256,8320,8380,8438,8496,8551,8610,8668,8726,8784,8843,8898,8953
313867,6459,6445,6432,6419,6408,6397,6386,6377,6367,6358,6349,6339,6330,6321,6311,6302,6293,6284
313868,6278,6309,6338,6364,6389,6414,6436,6457,6478,6498,6518,6539,6560,6580,6600,6621,6641,6660
313870,5623,5610,5598,5587,5576,5566,5556,5548,5539,5530,5522,5513,5505,5496,5487,5479,5470,5462
313880,17266,17336,17401,17461,17517,17572,17623,17670,17717,17763,17807,17854,17901,17946,17993,18040,18084,18127
313890,7095,7096,7097,7098,7099,7100,7101,7102,7102,7103,7104,7105,7106,7106,7107,7108,7109,7109
313900,35774,36246,36676,37077,37458,37822,38166,38482,38794,39103,39399,39712,40026,40333,40643,40960,41256,41546
313910,4856,4874,4890,4906,4920,4934,4947,4959,4971,4983,4994,5006,5018,5030,5041,5053,5065,5076
313920,19745,19664,19590,19521,19455,19393,19333,19279,19225,19172,19121,19067,19013,18960,18907,18852,18801,18751
313925,6296,6314,6331,6347,6362,6376,6389,6401,6413,6425,6437,6449,6461,6473,6485,6498,6509,6521
313930,22524,22218,21940,21680,21434,21198,20975,20771,20568,20369,20177,19974,19771,19572,19371,19166,18974,18787
313940,68849,70436,71880,73231,74511,75733,76891,77954,79003,80041,81036,82089,83144,84177,85219,86284,87280,88254
313950,20540,20701,20847,20984,21114,21238,21355,21463,21569,21674,21775,21882,21989,22093,22199,22307,22408,22507
313960,27563,27569,27574,27580,27584,27589,27593,27597,27601,27605,27609,27613,27617,27621,27625,27629,27633,27636
313980,10839,10986,11119,11244,11362,11475,11582,11680,11777,11873,11965,12062,12160,12255,12351,12450,12542,12632
313970,6392,6510,6617,6717,6811,6902,6988,7067,7144,7221,7295,7373,7451,7528,7605,7684,7758,7830
313990,14983,14917,14857,14801,14748,14697,14649,14605,14561,14518,14477,14433,14389,14347,14303,14259,14218,14177
314000,47911,48862,49727,50537,51304,52037,52730,53368,53997,54619,55215,55846,56478,57097,57722,58360,58957,59541
314010,4538,4507,4478,4451,4426,4402,4379,4358,4337,4317,4297,4276,4255,4235,4214,4193,4174,4154
314015,10806,11148,11460,11751,12027,12290,12540,12769,12996,13220,13434,13661,13889,14111,14336,14566,14781,14991
314020,2661,2684,2705,2725,2744,2762,2778,2794,2809,2824,2839,2854,2870,2885,2900,2916,2930,2944
314030,4148,4140,4133,4126,4119,4113,4107,4102,4096,4091,4086,4081,4075,4070,4065,4059,4054,4049
314040,3378,3332,3290,3250,3213,3177,3144,3113,3082,3052,3023,2992,2962,2932,2901,2870,2841,2813
314050,12121,12215,12301,12381,12456,12529,12597,12660,12723,12784,12843,12905,12968,13029,13091,13154,13213,13271
314053,5831,6023,6198,6361,6516,6664,6804,6932,7059,7185,7305,7432,7560,7685,7811,7940,8060,8178
314055,7267,7365,7454,7537,7616,7692,7763,7829,7894,7958,8019,8084,8149,8213,8277,8343,8404,8464
314060,4971,4933,4898,4866,4835,4806,4778,4753,4728,4703,4679,4654,4628,4604,4579,4553,4529,4506
314070,24765,25234,25661,26060,26439,26800,27142,27457,27767,28074,28368,28679,28991,29297,29605,29919,30214,30502
317150,3736,3696,3660,3627,3595,3564,3535,3509,3483,3457,3432,3406,3379,3354,3328,3301,3276,3252
314080,12640,12776,12899,13015,13124,13229,13328,13418,13508,13597,13682,13772,13862,13951,14040,14131,14216,14299
314085,8821,8996,9154,9303,9444,9578,9706,9823,9938,10053,10162,10278,10394,10508,10622,10739,10833,10940
314090,16710,16873,17022,17160,17292,17418,17537,17646,17754,17861,17963,18071,18180,18286,18393,18503,18605,18705
314100,13524,13445,13373,13306,13242,13181,13123,13070,13018,12967,12917,12865,12812,12761,12709,12656,12606,12557
314110,30288,30847,31355,31831,32281,32712,33119,33494,33863,34229,34579,34950,35321,35685,36052,36427,36778,37121
314120,3937,3923,3910,3899,3887,3877,3866,3857,3848,3839,3830,3821,3811,3802,3793,3784,3775,3767
314130,3116,3167,3213,3257,3298,3337,3374,3408,3442,3475,3507,3541,3575,3608,3641,3675,3707,3739
314140,22197,22095,22002,21915,21832,21754,21679,21611,21543,21476,21412,21344,21276,21210,21143,21074,21010,20947
314150,6448,6448,6448,6448,6448,6447,6447,6447,6447,6447,6447,6447,6447,6447,6447,6447,6446,6446
314160,10320,10351,10379,10406,10431,10455,10478,10499,10519,10539,10559,10580,10600,10621,10641,10662,10681,10701
314170,6945,6845,6755,6670,6590,6513,6441,6374,6308,6243,6181,6115,6049,5984,5919,5852,5790,5728
314180,31434,31459,31236,31254,31272,31288,31304,31318,31332,31347,31360,31374,31389,31403,31417,31431,31445,31458
314190,3933,3930,3928,3925,3923,3921,3918,3917,3915,3913,3911,3909,3907,3905,3903,3902,3900,3898
314200,12875,12928,12976,13021,13064,13105,13144,13179,13214,13249,13282,13317,13352,13387,13422,13457,13491,13523
314210,10021,10075,10125,10171,10215,10257,10297,10333,10369,10405,10439,10475,10511,10547,10582,10619,10653,10687
314220,12800,12964,13114,13254,13386,13513,13633,13743,13852,13959,14062,14171,14280,14387,14495,14605,14709,14809
314225,4295,4339,4379,4417,4452,4486,4518,4548,4577,4605,4633,4662,4691,4720,4749,4779,4806,4833
314230,4584,4609,4632,4653,4673,4692,4710,4727,4743,4759,4775,4791,4808,4824,4841,4857,4873,4888
314240,6680,6742,6799,6851,6902,6949,6995,7036,7077,7118,7157,7198,7240,7280,7321,7362,7401,7440
314250,2645,2613,2585,2558,2533,2508,2485,2464,2443,2423,2403,2382,2361,2341,2320,2299,2279,2260
314260,7811,7876,7935,7991,8043,8093,8141,8185,8228,8270,8311,8354,8397,8440,8483,8526,8567,8607
314270,16438,16236,17423,17236,17058,16889,16728,16581,16435,16291,16153,16007,15861,15717,15573,15425,15287,15151
314280,18469,18666,18845,19012,19171,19322,19466,19598,19728,19857,19980,20111,20241,20369,20499,20631,20754,20875
314290,24445,24178,23936,23709,23494,23289,23094,22916,22739,22565,22398,22221,22044,21870,21695,21517,21349,21186
314300,13480,13457,13435,13416,13397,13379,13362,13346,13331,13316,13301,13286,13270,13255,13240,13224,13209,13195
314310,45028,45234,45422,45598,45764,45923,46074,46212,46349,46484,46613,46750,46887,47021,47157,47296,47425,47552
314315,4524,4552,4578,4602,4625,4647,4668,4687,4706,4724,4742,4761,4780,4798,4817,4836,4854,4871
314320,21757,21740,21724,21709,21695,21682,21669,21658,21646,21635,21624,21613,21601,21590,21578,21567,21556,21545
314340,18663,19045,19392,19716,20024,20318,20596,20852,21104,21354,21593,21846,22100,22348,22599,22855,23094,23328
314330,314839,321837,328201,334155,339798,345187,350290,354979,359604,364180,368565,373206,377858,382411,387005,391700,396093,400387
314345,6742,6854,6956,7051,7141,7227,7309,7384,7458,7531,7601,7675,7750,7822,7896,7971,8041,8110
314350,7802,7881,7952,8020,8083,8144,8201,8254,8306,8358,8407,8459,8512,8563,8615,8668,8717,8765
314360,3036,2993,2955,2918,2884,2851,2820,2792,2764,2736,2709,2681,2652,2625,2597,2568,2541,2515
314370,3831,3783,3739,3698,3659,3622,3587,3555,3523,3491,3461,3429,3397,3366,3334,3302,3271,3242
314380,6827,6768,6714,6663,6616,6570,6527,6487,6448,6409,6372,6333,6293,6255,6216,6176,6139,6102
314390,94469,95530,96495,97398,98254,99071,99845,100557,101258,101952,102617,103321,104026,104717,105414,106126,106792,107443
314400,27379,27349,27322,27297,27273,27250,27229,27209,27189,27170,27151,27131,27112,27092,27073,27053,27034,27016
314410,21118,21077,21040,21005,20973,20941,20911,20884,20857,20831,20805,20778,20751,20724,20698,20670,20645,20620
314420,3202,3203,3204,3206,3207,3208,3209,3209,3210,3211,3212,3213,3214,3215,3215,3216,3217,3218
314430,42689,42545,42414,42292,42176,42065,41960,41863,41768,41674,41584,41489,41393,41299,41205,41108,41018,40930
314435,5745,5838,5922,6001,6076,6148,6215,6278,6339,6400,6458,6520,6581,6642,6703,6765,6823,6880
314437,3378,3373,3369,3364,3360,3357,3353,3350,3346,3343,3340,3337,3333,3330,3327,3324,3321,3317
314440,4763,4761,4758,4756,4754,4752,4750,4749,4747,4746,4744,4742,4741,4739,4737,4736,4734,4733
314450,7426,7514,7594,7668,7739,7807,7871,7930,7988,8045,8100,8158,8217,8274,8331,8390,8445,8499
314460,25460,25557,25646,25728,25807,25881,25952,26017,26082,26145,26206,26270,26335,26398,26462,26527,26588,26648
314465,9597,9649,9696,9740,9782,9822,9860,9894,9929,9963,9995,10029,10064,10098,10132,10166,10199,10231
314467,4611,4505,4410,4320,4235,4153,4077,4006,3936,3867,3801,3731,3661,3592,3523,3452,3386,3321
314470,18210,18163,18120,18081,18043,18007,17972,17941,17910,17879,17850,17819,17788,17757,17726,17695,17666,17637
314480,66043,68185,70132,71955,73682,75331,76893,78328,79743,81144,82486,83906,85330,86724,88130,89566,90911,92225
314490,4205,4160,4119,4081,4045,4010,3977,3947,3918,3888,3860,3830,3800,3771,3742,3711,3683,3656
314500,9736,10167,10559,10926,11274,11606,11921,12210,12495,12777,13047,13333,13620,13900,14183,14473,14743,15008
314505,7579,7573,7568,7563,7558,7554,7549,7545,7542,7538,7534,7530,7526,7522,7519,7515,7511,7507
314510,14244,14428,14595,14752,14900,15042,15176,15300,15421,15542,15657,15779,15901,16021,16142,16265,16381,16494
314520,38410,43183,47523,51584,55433,59108,62589,65787,68941,72062,75053,78218,81391,84497,87630,90832,93828,96757
313660,5567,5579,5589,5599,5609,5618,5626,5634,5642,5650,5657,5665,5673,5680,5688,5696,5703,5710
314530,31236,31243,31249,31255,31261,31267,31272,31276,31281,31286,31290,31295,31299,31304,31309,31313,31318,31322
314535,10230,10269,10304,10337,10369,10399,10427,10453,10479,10505,10529,10555,10581,10606,10632,10658,10682,10706
314537,4729,4771,4810,4846,4880,4913,4943,4972,5000,5027,5054,5082,5110,5138,5166,5194,5221,5246
314540,2363,2317,2276,2237,2200,2165,2131,2101,2071,2041,2012,1982,1951,1922,1892,1861,1832,1804
314545,4394,4520,4635,4743,4845,4942,5034,5119,5202,5285,5364,5448,5532,5614,5697,5782,5861,5939
314550,2305,2341,2373,2404,2433,2460,2486,2510,2534,2558,2580,2604,2628,2651,2674,2698,2721,2743
314560,38208,38466,38701,38921,39129,39328,39516,39690,39860,40029,40191,40362,40534,40702,40872,41045,41207,41366
314570,2200,2195,2191,2186,2182,2179,2175,2172,2168,2165,2162,2159,2155,2152,2149,2146,2143,2139
314580,3062,3068,3074,3080,3085,3090,3094,3099,3103,3107,3111,3115,3119,3124,3128,3132,3136,3140
314585,4471,4485,4497,4509,4520,4530,4540,4549,4558,4567,4576,4585,4594,4603,4612,4621,4630,4638
314587,6623,6727,6821,6909,6992,7072,7148,7217,7285,7353,7418,7487,7556,7623,7691,7760,7825,7889
314590,31164,31783,32346,32872,33372,33848,34300,34714,35123,35528,35916,36326,36738,37141,37547,37962,38351,38731
314600,30172,30429,30663,30882,31090,31288,31476,31648,31818,31987,32148,32319,32490,32657,32826,32999,33160,33318
314610,67981,68449,68874,69272,69649,70009,70350,70664,70973,71279,71572,71882,72193,72497,72804,73118,73412,73699
314620,6383,6350,6319,6291,6264,6238,6214,6192,6170,6148,6127,6105,6083,6061,6039,6017,5996,5975
314625,5361,5437,5505,5570,5630,5689,5744,5794,5844,5894,5941,5991,6041,6090,6140,6191,6238,6285
314630,17924,18090,18240,18381,18514,18642,18763,18874,18983,19091,19195,19305,19415,19523,19631,19742,19846,19948
314655,5982,5990,5997,6004,6010,6016,6022,6028,6033,6038,6043,6048,6054,6059,6064,6069,6074,6079
314640,5021,4981,4945,4911,4879,4849,4820,4793,4767,4741,4716,4690,4663,4637,4611,4585,4560,4535
314650,7999,8020,8039,8057,8074,8091,8106,8120,8134,8148,8161,8175,8189,8203,8217,8231,8244,8257
314660,1664,1654,1645,1636,1628,1621,1613,1606,1600,1593,1587,1580,1574,1567,1561,1554,1548,1541
314670,6730,6722,6714,6707,6700,6693,6687,6681,6676,6670,6665,6659,6654,6648,6643,6637,6632,6627
314675,9114,8846,8603,8375,8159,7953,7757,7578,7401,7226,7058,6880,6702,6528,6352,6173,6005,5840
314690,12793,13007,13201,13383,13556,13720,13876,14020,14161,14301,14435,14577,14719,14858,14999,15142,15276,15408
314710,74884,76301,77590,78795,79938,81029,82062,83012,83949,84875,85763,86703,87645,88567,89497,90448,91337,92207
314700,77150,78339,79419,80431,81389,82304,83171,83967,84753,85530,86275,87063,87853,88627,89407,90204,90950,91680
314720,19429,19584,19724,19856,19981,20100,20213,20317,20419,20520,20617,20720,20822,20923,21025,21129,21226,21321
314730,17948,18181,18392,18590,18778,18957,19127,19283,19437,19589,19735,19889,20044,20196,20348,20504,20651,20793
314740,20907,21177,21422,21652,21869,22077,22274,22454,22633,22809,22978,23157,23336,23512,23689,23870,24039,24205
314760,15237,15319,15394,15464,15530,15593,15653,15708,15763,15817,15868,15923,15977,16031,16085,16140,16191,16242
314770,8698,8652,8611,8572,8535,8500,8467,8437,8406,8377,8348,8318,8287,8258,8228,8197,8169,8141
314780,2220,2207,2194,2183,2172,2162,2152,2143,2134,2125,2117,2108,2099,2090,2082,2073,2064,2056
314750,1996,1970,1947,1925,1904,1884,1865,1848,1831,1814,1798,1781,1764,1747,1730,1713,1697,1681
314790,99711,100822,101833,102778,103675,104530,105341,106085,106820,107547,108243,108980,109719,110442,111171,111917,112615,113297
314795,5297,5347,5393,5435,5476,5514,5551,5585,5618,5651,5682,5715,5749,5781,5814,5848,5879,5910
314800,127066,128915,130596,132169,133660,135083,136431,137670,138892,140101,141259,142485,143714,144917,146130,147371,148531,149666
314810,75010,76179,77242,78237,79180,80080,80933,81716,82489,83253,83986,84761,85538,86299,87067,87851,88585,89303
314820,4986,5038,5085,5129,5171,5211,5249,5283,5318,5352,5384,5418,5453,5487,5521,5555,5588,5620
314830,9269,9291,9312,9331,9349,9366,9382,9398,9412,9427,9441,9456,9471,9485,9500,9515,9529,9543
314840,5244,5213,5185,5159,5134,5111,5088,5068,5047,5027,5008,4988,4967,4947,4927,4906,4887,4868
314850,9141,9090,9043,8999,8958,8918,8881,8847,8813,8779,8747,8713,8679,8645,8612,8577,8545,8514
314860,17625,17619,17613,17608,17603,17598,17593,17589,17585,17581,17577,17573,17569,17565,17561,17556,17552,17549
314870,24215,24223,24230,24237,24244,24250,24256,24261,24267,24272,24277,24282,24288,24293,24298,24304,24309,24314
314875,6397,6449,6496,6540,6582,6622,6660,6695,6729,6763,6796,6830,6865,6899,6933,6968,7000,7032
314880,4026,3948,3877,3811,3748,3688,3631,3578,3527,3476,3427,3375,3404,3354,3301,3248,3199,3150
314890,3912,3916,3920,3924,3928,3931,3934,3937,3940,3943,3946,3949,3952,3955,3958,3961,3963,3966
314900,1869,1916,1959,1999,2037,2073,2108,2139,2171,2201,2231,2262,2294,2324,2355,2387,2416,2445
314910,12318,12235,12159,12088,12021,11956,11896,11840,11785,11730,11678,11623,11567,11513,11458,11402,11350,11299
314915,9099,9282,9449,9604,9752,9893,10027,10149,10270,10390,10505,10626,10748,10867,10988,11110,11225,11338
314920,3447,3461,3474,3485,3497,3507,3518,3527,3536,3545,3554,3563,3573,3582,3591,3600,3609,3617
314930,53934,54701,55398,56050,56668,57258,57817,58331,58837,59339,59819,60327,60837,61336,61839,62353,62834,63305
314940,1833,1831,1829,1828,1826,1825,1823,1822,1821,1819,1818,1817,1815,1814,1813,1812,1810,1809
314950,3094,3111,3126,3140,3154,3167,3179,3190,3201,3212,3223,3234,3245,3256,3267,3279,3289,3299
314960,3813,3857,3897,3935,3970,4004,4036,4066,4095,4123,4151,4180,4209,4238,4267,4297,4324,4351
314970,5854,6274,6655,7012,7351,7674,7980,8261,8539,8813,9076,9354,9633,9906,10182,10463,10727,10984
314980,12682,12941,13176,13396,13605,13804,13993,14167,14338,14507,14669,14841,15013,15181,15351,15525,15687,15846
314990,19218,19379,19526,19663,19793,19917,20035,20143,20250,20355,20456,20563,20670,20775,20881,20989,21090,21189
314995,7636,7575,7519,7467,7417,7370,7325,7284,7244,7203,7165,7124,7084,7044,7003,6962,6924,6886
315000,4141,4149,4157,4164,4170,4177,4183,4188,4193,4199,4204,4209,4215,4220,4226,4231,4236,4241
315010,3085,3060,3037,3016,2996,2977,2958,2942,2925,2909,2893,2876,2860,2844,2827,2810,2795,2779
315015,5484,5713,5921,6116,6300,6476,6643,6797,6948,7098,7241,7393,7545,7694,7844,7998,8141,8282
315020,4133,4134,4134,4134,4135,4135,4136,4136,4136,4137,4137,4137,4138,4138,4138,4139,4139,4139
315030,5193,5141,5094,5050,5009,4969,4931,4896,4862,4828,4796,4762,4727,4694,4660,4625,4593,4561
315040,4384,4428,4469,4507,4542,4577,4609,4639,4668,4697,4725,4754,4784,4813,4842,4872,4900,4927
315050,8025,8072,8115,8155,8193,8229,8264,8295,8327,8357,8387,8418,8450,8480,8511,8543,8572,8601
315053,3918,3994,4063,4128,4189,4247,4303,4354,4404,4453,4501,4551,4602,4651,4701,4752,4800,4846
315057,7128,7156,7182,7206,7228,7250,7271,7289,7308,7326,7344,7363,7381,7400,7418,7437,7455,7472
315060,6676,6656,6638,6621,6605,6590,6576,6562,6549,6536,6524,6511,6498,6485,6472,6459,6446,6434
315070,2811,3063,3291,3505,3708,3902,4085,4254,4420,4584,4742,4909,5076,5240,5405,5574,5731,5886
315080,17447,17460,17472,17484,17494,17505,17514,17523,17532,17541,17549,17558,17567,17575,17584,17593,17601,17609
315090,5102,5129,5154,5178,5200,5221,5241,5260,5278,5296,5313,5331,5349,5367,5385,5404,5421,5438
315100,7589,7664,7732,7795,7856,7913,7968,8018,8067,8116,8163,8213,8262,8311,8360,8410,8457,8503
315110,10292,10326,10357,10386,10414,10440,10465,10488,10510,10533,10554,10577,10599,10622,10644,10667,10688,10709
315120,51593,51952,52278,52584,52873,53150,53412,53652,53889,54124,54349,54587,54826,55059,55295,55536,55761,55981
315130,11426,11379,11335,11295,11257,11220,11186,11154,11123,11092,11062,11031,10999,10968,10937,10905,10875,10846
315140,22842,23224,23572,23897,24205,24499,24778,25034,25287,25537,25776,26029,26283,26532,26783,27039,27279,27514
315150,29523,29907,30256,30582,30892,31187,31467,31724,31978,32229,32469,32723,32979,33228,33480,33738,33978,34214
315160,8510,8779,9024,9252,9469,9676,9873,10053,10231,10406,10575,10753,10932,11107,11284,11464,11633,11798
315170,15537,15630,15715,15794,15869,15941,16009,16071,16133,16194,16252,16314,16376,16436,16497,16560,16618,16676
315180,139114,141214,143123,144910,146604,148221,149752,151159,152547,153920,155236,156629,158024,159391,160769,162178,163496,164785
315190,10104,9980,9867,9761,9661,9566,9475,9392,9310,9229,9151,9069,8986,8905,8824,8741,8663,8587
315200,26760,27135,27476,27795,28098,28387,28660,28912,29160,29405,29640,29889,30138,30382,30628,30880,31116,31346
315210,56725,56949,57153,57343,57524,57697,57860,58010,58158,58305,58445,58594,58742,58888,59035,59186,59326,59464
315213,3745,3783,3818,3851,3882,3911,3939,3965,3990,4015,4039,4064,4090,4115,4140,4166,4190,4213
315217,10800,10898,10987,11071,11150,11225,11297,11363,11427,11492,11553,11618,11683,11747,11811,11877,11939,11999
315220,38864,38793,38728,38668,38610,38556,38504,38456,38409,38363,38318,38271,38224,38177,38131,38083,38038,37995
315230,9718,9834,9939,10038,10131,10221,10305,10383,10460,10535,10608,10685,10762,10837,10913,10991,11064,11135
315240,15160,15264,15358,15446,15529,15609,15685,15754,15822,15890,15955,16024,16093,16160,16228,16297,16362,16426
315250,109521,112581,115364,117968,120436,122792,125023,127074,129096,131097,133015,135044,137079,139070,141079,143132,145053,146931
315260,6840,6773,6712,6656,6602,6550,6502,6457,6413,6369,6327,6283,6238,6195,6151,6106,6064,6023
315270,7901,7985,8061,8133,8200,8265,8326,8382,8438,8492,8545,8601,8656,8711,8766,8822,8875,8926
315280,24182,24455,24703,24935,25155,25365,25564,25746,25927,26105,26276,26457,26638,26816,26995,27178,27349,27516
315290,9454,9391,9333,9280,9229,9180,9134,9092,9050,9009,8969,8927,8885,8844,8803,8760,8721,8682
315300,2957,3005,3049,3089,3128,3165,3200,3232,3264,3295,3325,3357,3389,3420,3451,3483,3514,3543
315310,5997,5950,5908,5868,5831,5795,5761,5730,5699,5668,5639,5608,5577,5547,5516,5485,5456,5427
315320,4430,4371,4318,4268,4221,4176,4133,4094,4055,4017,3980,3941,3902,3864,3826,3786,3749,3713
315330,3027,3025,3024,3022,3020,3019,3018,3017,3015,3014,3013,3012,3011,3009,3008,3007,3006,3005
315340,18238,18327,18407,18482,18554,18622,18687,18746,18805,18863,18918,18977,19036,19093,19151,19211,19266,19321
315360,8444,8614,8769,8913,9050,9181,9305,9419,9531,9642,9749,9862,9975,10085,10197,10311,10418,10522
315370,3100,3134,3166,3195,3223,3249,3274,3297,3320,3342,3364,3387,3410,3432,3455,3478,3499,3520
315380,1837,1845,1851,1858,1864,1870,1875,1880,1885,1890,1895,1900,1905,1910,1915,1920,1925,1929
315390,14656,14782,14897,15004,15106,15203,15295,15379,15463,15545,15624,15708,15791,15873,15956,16041,16120,16197
315400,24911,24826,24748,24676,24607,24541,24479,24422,24365,24309,24256,24199,24143,24087,24031,23974,23920,23868
315410,10450,10455,10459,10464,10468,10471,10475,10478,10482,10485,10488,10491,10495,10498,10501,10504,10507,10511
315415,6075,6155,6228,6296,6361,6422,6481,6534,6587,6640,6690,6743,6796,6849,6901,6955,7005,7054
315420,10602,10669,10729,10786,10840,10891,10940,10985,11029,11072,11114,11158,11203,11246,11290,11334,11376,11417
315430,17411,17410,17409,17408,17407,17406,17406,17405,17404,17404,17403,17402,17402,17401,17400,17400,17399,17398
315440,4674,4690,4705,4719,4732,4744,4756,4767,4777,4788,4798,4809,4819,4830,4758,4768,4778,4787
315445,8178,8175,8172,8169,8167,8164,8162,8160,8158,8156,8154,8152,8150,8148,8146,8144,8142,8140
315450,9599,9590,9582,9575,9568,9561,9555,9549,9543,9537,9532,9526,9520,9515,9509,9503,9498,9492
315460,258349,264004,269146,273957,278517,282871,286995,290784,294521,298219,301762,305512,309271,312951,316662,320456,324006,327476
315470,3714,3738,3759,3779,3799,3817,3834,3850,3866,3881,3896,3912,3927,3943,3958,3974,3989,4004
315480,7855,8038,8204,8359,8506,8647,8780,8902,9023,9143,9257,9378,9499,9618,9738,9861,9975,10087
315490,15652,15497,15356,15224,15099,14980,14867,14763,14660,14559,14462,14359,14256,14155,14054,13950,13852,13757
315510,5529,5501,5475,5451,5429,5407,5386,5368,5349,5331,5313,5294,5276,5257,5239,5220,5202,5185
315500,2378,2395,2411,2425,2439,2453,2465,2477,2488,2499,2510,2521,2533,2544,2555,2567,2578,2588
315520,7120,6998,6887,6783,6684,6590,6501,6419,6338,6259,6182,6101,6020,5940,5860,5778,5701,5626
315530,4765,4844,4916,4984,5047,5108,5166,5219,5272,5323,5373,5426,5478,5530,5582,5635,5685,5733
315540,8770,8783,8795,8807,8817,8828,8837,8846,8855,8864,8872,8881,8890,8898,8907,8916,8924,8932
315550,11824,11860,11893,11924,11954,11982,12008,12032,12056,12080,12103,12127,12151,12175,12199,12223,12246,12268
315560,27937,28158,28359,28547,28725,28896,29057,29205,29351,29495,29634,29781,29928,30071,30216,30365,30504,30639
315570,14502,14490,14479,14469,14459,14449,14441,14433,14425,14417,14409,14401,14393,14385,14377,14369,14361,14354
315580,16780,16864,16940,17012,17079,17144,17205,17261,17317,17371,17424,17480,17535,17590,17645,17701,17754,17805
315590,5274,5289,5303,5315,5327,5339,5350,5360,5370,5380,5389,5399,5409,5419,5428,5439,5448,5457
315600,15288,15107,14942,14788,14641,14502,14369,14248,14128,14010,13896,13776,13655,13537,13418,13297,13183,13072
315610,5562,5491,5426,5366,5308,5254,5202,5154,5107,5061,5016,4969,4922,4875,4829,4781,4736,4693
315620,1956,1982,2005,2028,2048,2068,2087,2105,2122,2139,2155,2172,2189,2206,2223,2241,2257,2273
315630,5513,5706,5881,6045,6201,6349,6490,6619,6746,6872,6993,7121,7249,7374,7501,7630,7751,7870
315640,3833,3811,3790,3772,3754,3736,3720,3705,3691,3676,3662,3647,3632,3618,3603,3588,3574,3561
315645,3968,4015,4057,4096,4134,4170,4204,4235,4265,4296,4325,4356,4387,4417,4448,4479,4508,4536
315650,10461,10129,9828,9546,9278,9023,8781,8559,8340,8123,7915,7695,7475,7259,7041,6819,6611,6407
315660,9915,9939,9961,9982,10001,10020,10038,10054,10070,10086,10101,10117,10133,10149,10165,10181,10196,10211
315670,118461,119780,120980,122102,123166,124182,125144,126028,126900,127762,128589,129464,130341,131199,132065,132950,133778,134588
315680,16687,16597,16514,16437,16365,16295,16229,16169,16109,16050,15993,15933,15873,15814,15755,15694,15637,15582
315690,21883,22202,22493,22765,23022,23268,23501,23715,23926,24135,24335,24547,24759,24967,25177,25391,25591,25787
315700,37664,37955,38220,38467,38702,38926,39138,39333,39525,39716,39898,40091,40284,40474,40610,40805,40987,41165
315710,6953,6957,6961,6965,6968,6971,6974,6977,6980,6982,6985,6988,6991,6993,6996,6999,7001,7004
315720,24802,25269,25694,26091,26468,26828,27168,27481,27790,28095,28388,28698,29008,29312,29619,29932,30225,30512
315725,7393,7449,7500,7548,7593,7636,7677,7714,7751,7788,7823,7860,7897,7934,7971,8008,8043,8078
315727,2427,2481,2529,2575,2618,2660,2699,2735,2770,2805,2839,2875,2910,2945,2980,3016,3050,3083
315730,4951,4912,4877,4844,4813,4783,4755,4729,4704,4678,4654,4628,4603,4577,4552,4526,4502,4478
315733,7223,7326,7419,7506,7589,7668,7742,7811,7879,7946,8010,8078,8146,8213,8280,8349,8413,8476
315737,4924,4866,4813,4764,4717,4672,4630,4591,4552,4514,4478,4439,4401,4363,4325,4286,4249,4214
315740,5516,5460,5409,5361,5315,5272,5231,5193,5156,5119,5084,5047,5009,4973,4936,4898,4863,4828
315750,5051,5003,4960,4919,4881,4844,4809,4778,4746,4715,4685,4653,4622,4591,4559,4527,4497,4468
315760,4300,4266,4236,4207,4180,4154,4129,4106,4084,4062,4041,4019,3996,3974,3952,3929,3908,3888
315765,5901,5936,5967,5996,6024,6051,6076,6099,6122,6144,6166,6189,6212,6234,6257,6280,6302,6323
315770,8286,8711,9096,9458,9800,10127,10436,10721,11001,11279,11545,11827,12109,12385,12664,12948,13215,13475
315780,189657,191873,193888,195774,197561,199268,200884,202368,203833,205282,206671,208141,209614,211056,212511,213997,215389,216748
315790,14066,14225,14370,14505,14633,14756,14872,14978,15083,15187,15287,15392,15498,15602,15706,15813,15913,16010
315800,10612,10629,10645,10660,10674,10688,10700,10712,10724,10735,10746,10758,10769,10781,10792,10804,10815,10825
315810,5578,5552,5529,5507,5486,5467,5448,5431,5414,5397,5381,5364,5347,5330,5313,5296,5280,5264
315820,14719,14711,14704,14698,14692,14686,14680,14675,14670,14665,14660,14655,14650,14645,14640,14635,14630,14625
315920,9517,9475,9436,9401,9366,9334,9303,9275,9247,9219,9193,9165,9137,9109,9082,9053,9027,9001
315940,3946,3907,3872,3839,3808,3778,3750,3724,3699,3673,3649,3623,3598,3572,3547,3521,3497,3473
315930,5352,5317,5286,5256,5228,5201,5176,5153,5130,5107,5085,5062,5039,5016,4993,4970,4948,4927
315935,5944,6038,6124,6204,6280,6352,6421,6484,6546,6608,6667,6729,6792,6853,6915,6978,7037,7095
315950,6217,6163,6114,6068,6024,5983,5943,5907,5871,5836,5802,5766,5730,5695,5660,5623,5589,5556
315960,32068,32899,33655,34362,35032,35672,36278,36835,37384,37927,38448,38999,39551,40092,40638,41195,41717,42227
315970,3194,3206,3216,3226,3235,3244,3253,3260,3268,3276,3283,3291,3298,3306,3314,3321,3329,3336
315980,16786,17005,17205,17392,17569,17738,17898,18045,18190,18333,18471,18617,18762,18905,19049,19197,19334,19469
315830,7714,7668,7627,7588,7551,7516,7483,7453,7422,7393,7364,7334,7303,7274,7244,7213,7185,7157
315840,3446,3478,3506,3533,3559,3583,3606,3628,3648,3669,3689,3710,3731,3752,3772,3794,3814,3833
315850,8838,8749,8668,8593,8521,8453,8388,8328,8270,8212,8156,8097,8038,7980,7922,7862,7807,7752
315860,3871,3879,3886,3893,3899,3905,3911,3916,3921,3926,3931,3936,3941,3946,3952,3957,3962,3967
315870,2033,2065,2093,2120,2145,2170,2193,2214,2235,2255,2275,2296,2317,2337,2358,2379,2399,2418
315880,4521,4543,4564,4582,4600,4618,4634,4649,4663,4678,4692,4707,4722,4736,4751,4766,4780,4793
315890,8828,8817,8806,8796,8787,8778,8770,8762,8755,8747,8740,8732,8725,8717,8710,8702,8695,8688
315895,18622,19813,20896,21909,22870,23787,24656,25454,26241,27020,27766,28556,29348,30123,30904,31703,32451,33182
315900,3835,3869,3900,3929,3957,3983,4008,4031,4053,4076,4097,4120,4142,4165,4187,4210,4231,4252
315910,4045,4025,4007,3990,3974,3959,3944,3931,3918,3904,3892,3879,3866,3853,3839,3826,3814,3801
315990,16523,16672,16807,16933,17053,17168,17276,17375,17474,17571,17664,17763,17861,17958,18056,18155,18249,18340
316000,3604,3604,3604,3604,3604,3603,3603,3603,3603,3603,3603,3603,3603,3603,3603,3603,3602,3602
316010,4490,4447,4408,4371,4337,4304,4272,4243,4215,4187,4160,4131,4103,4075,4047,4018,3991,3965
316020,4706,4642,4583,4528,4476,4426,4379,4336,4294,4251,4211,4168,4125,4083,4041,3998,3957,3918
316030,12456,12395,12340,12289,12240,12193,12149,12109,12069,12029,11991,11951,11911,11871,11831,11791,11753,11716
316040,24077,24386,24668,24931,25180,25419,25644,25851,26056,26258,26452,26657,26863,27064,27267,27475,27669,27859
316045,6826,6859,6890,6918,6945,6971,6996,7018,7040,7062,7083,7105,7127,7149,7171,7194,7215,7235
316050,1870,1862,1855,1848,1842,1836,1830,1825,1820,1815,1810,1805,1800,1795,1789,1784,1779,1774
316060,3578,3542,3508,3477,3448,3420,3393,3369,3345,3321,3298,3274,3250,3226,3202,3177,3155,3132
316070,47992,47880,47779,47684,47593,47507,47426,47351,47277,47204,47134,47060,46986,46913,46840,46765,46694,46626
316080,3833,3941,4039,4131,4218,4301,4379,4452,4523,4593,4661,4733,4804,4874,4945,5018,5085,5151
316090,3366,3394,3419,3442,3464,3486,3506,3524,3543,3561,3578,3596,3615,3633,3651,3669,3687,3704
316095,5325,5349,5370,5390,5410,5428,5445,5461,5477,5492,5507,5523,5538,5554,5569,5585,5600,5615
316100,18096,18041,17992,17945,17901,17859,17819,17782,17746,17710,17676,17640,17603,17568,17532,17495,17461,17427
316105,3543,3530,3518,3507,3497,3487,3478,3469,3461,3452,3444,3435,3427,3418,3410,3401,3393,3385
316110,52821,53081,53317,53539,53748,53948,54138,54312,54484,54654,54817,54989,55162,55331,55502,55676,55840,55999
316120,6701,6688,6676,6665,6655,6645,6636,6627,6619,6610,6602,6593,6585,6576,6568,6559,6551,6543
316130,5410,5471,5527,5580,5629,5677,5721,5763,5803,5843,5882,5923,5964,6004,6044,6085,6124,6162
316140,5842,5768,5700,5637,5578,5521,5467,5417,5368,5319,5273,5224,5175,5126,5078,5028,4981,4936
316150,7914,8245,8545,8826,9093,9348,9589,9810,10029,10245,10452,10671,10891,11106,11323,11545,11752,11955
316160,5144,5056,4976,4902,4831,4763,4699,4640,4582,4525,4470,4412,4353,4296,4239,4180,4125,4071
316165,2938,3018,3090,3158,3222,3284,3342,3395,3448,3500,3550,3603,3656,3708,3760,3814,3864,3912
316170,5572,5677,5773,5862,5947,6028,6104,6175,6244,6313,6379,6449,6519,6587,6656,6727,6792,6857
316180,8174,8489,8775,9042,9296,9538,9768,9978,10186,10392,10589,10798,11007,11211,11418,11629,11826,12019
316190,8680,8846,8998,9139,9273,9401,9523,9634,9744,9853,9957,10067,10178,10286,10395,10507,10611,10713
312550,3039,3049,3057,3065,3073,3080,3087,3094,3100,3106,3112,3118,3125,3131,3137,3143,3149,3155
316200,22882,23073,23246,23408,23562,23708,23847,23975,24101,24226,24345,24471,24598,24722,24847,24975,25095,25212
316210,28341,28870,29351,29802,30229,30636,31022,31377,31726,32072,32404,32755,33107,33451,33798,34154,34486,34811
316220,6432,6508,6577,6641,6702,6761,6816,6867,6917,6967,7014,7064,7115,7164,7214,7265,7312,7359
316225,4513,4543,4570,4595,4619,4642,4664,4684,4704,4723,4742,4762,4782,4801,4821,4841,4859,4878
316230,2823,2818,2813,2808,2803,2799,2795,2792,2788,2784,2781,2777,2774,2770,2767,2763,2759,2756
316240,26697,26583,26480,26383,26291,26204,26121,26045,25970,25895,25824,25749,25673,25599,25524,25448,25377,25307
316245,10493,10680,10850,11010,11161,11305,11441,11567,11690,11813,11930,12054,12179,12300,12423,12549,12666,12781
316250,80637,81338,81976,82573,83138,83678,84190,84659,85123,85582,86021,86486,86952,87409,87869,88339,88780,89210
316255,8940,9134,9311,9477,9634,9783,9925,10055,10184,10311,10433,10562,10691,10818,10945,11076,11198,11317
316257,4519,4619,4709,4794,4874,4951,5023,5090,5156,5221,5283,5349,5415,5480,5545,5612,5674,5736
316260,8710,8620,8538,8462,8389,8320,8254,8194,8134,8075,8019,7959,7899,7841,7782,7721,7665,7610
316265,3758,3807,3852,3894,3933,3971,4007,4040,4072,4104,4135,4168,4200,4232,4264,4297,4328,4358
316270,21550,21704,21843,21974,22098,22216,22328,22431,22532,22633,22729,22831,22933,23033,23134,23237,23333,23427
316280,15925,15914,15904,15894,15885,15876,15868,15861,15853,15846,15839,15832,15824,15817,15809,15802,15795,15788
316290,24398,24544,24676,24800,24918,25030,25136,25234,25330,25426,25517,25614,25711,25805,25901,25999,26090,26180
316292,18619,19581,20456,21275,22051,22792,23493,24138,24774,25403,26006,26644,27284,27910,28541,29187,29791,30381
316294,6209,6299,6382,6459,6531,6601,6667,6727,6787,6846,6903,6963,7023,7082,7141,7202,7259,7314
316295,15386,16008,16574,17103,17605,18084,18538,18955,19366,19773,20163,20576,20989,21394,21803,22220,22611,22992
316300,3994,4014,4033,4050,4066,4082,4097,4111,4124,4137,4150,4163,4177,4190,4204,4217,4230,4242
316310,3308,3434,3548,3656,3757,3854,3946,4030,4114,4196,4275,4359,4442,4524,4607,4691,4770,4848
316320,3900,3922,3942,3961,3979,3995,4012,4026,4041,4055,4069,4084,4098,4113,4127,4142,4156,4169
316330,3962,3954,3948,3941,3935,3929,3924,3919,3914,3909,3904,3899,3894,3889,3884,3879,3874,3870
316340,6164,6109,6059,6012,5967,5925,5884,5847,5811,5775,5740,5703,5667,5631,5594,5557,5523,5489
316350,6964,6926,6892,6859,6829,6800,6772,6747,6722,6697,6673,6648,6623,6598,6573,6548,6524,6501
316360,2440,2466,2490,2512,2533,2553,2572,2589,2607,2624,2640,2657,2675,2692,2709,2726,2742,2758
316370,37876,38468,39007,39510,39988,40444,40876,41272,41664,42051,42422,42815,43208,43594,43982,44380,44751,45115
316380,6812,6821,6830,6838,6845,6853,6860,6866,6872,6878,6884,6890,6896,6903,6909,6915,6921,6927
316390,5762,5680,5606,5536,5470,5407,5347,5292,5238,5184,5133,5079,5024,4971,4917,4862,4811,4760
316410,6237,6163,6096,6034,5975,5918,5864,5815,5766,5718,5672,5623,5574,5526,5478,5429,5383,5337
316400,9477,9351,9237,9129,9028,8931,8839,8755,8671,8589,8510,8426,8343,8261,8178,8094,8015,7937
316420,7983,8306,8600,8875,9136,9385,9621,9837,10051,10262,10465,10679,10894,11105,11317,11534,11737,11935
316430,6488,6530,6568,6603,6637,6669,6700,6728,6755,6783,6809,6837,6865,6892,6919,6947,6973,6999
316440,4422,4502,4575,4644,4709,4771,4829,4883,4936,4989,5039,5092,5146,5198,5251,5305,5355,5404
316443,2639,2666,2691,2714,2737,2758,2778,2796,2814,2832,2849,2867,2885,2903,2921,2939,2957,2973
316447,4902,5025,5136,5241,5340,5434,5524,5606,5687,5767,5844,5925,6007,6087,6167,6250,6327,6402
316450,11902,11764,11639,11521,11410,11304,11203,11111,11020,10929,10843,10752,10660,10570,10480,10387,10300,10216
316460,4768,4917,5053,5179,5299,5414,5523,5623,5721,5819,5912,6011,6110,6207,6305,6405,6498,6590
316470,59835,60661,61411,62114,62780,63416,64018,64571,65117,65657,66174,66722,67270,67808,68350,68904,69422,69929
316480,1825,1801,1780,1760,1740,1722,1705,1689,1673,1658,1643,1627,1612,1596,1581,1565,1550,1535
316490,2027,2043,2057,2071,2084,2096,2107,2118,2129,2139,2149,2160,2170,2180,2191,2202,2212,2221
316520,6364,6418,6467,6512,6556,6597,6637,6673,6708,6743,6777,6813,6848,6883,6919,6955,6989,7022
316500,10508,10540,10569,10597,10623,10648,10671,10693,10714,10735,10755,10776,10798,10819,10840,10861,10882,10901
316510,7491,7456,7424,7395,7366,7340,7314,7291,7268,7245,7223,7200,7177,7154,7131,7108,7086,7064
316530,6321,6427,6524,6614,6700,6782,6859,6931,7001,7070,7137,7207,7278,7347,7417,7488,7555,7620
316540,5595,5694,5784,5869,5949,6025,6097,6164,6229,6294,6356,6422,6488,6552,6617,6684,6746,6807
316550,4898,5002,5097,5185,5269,5349,5425,5495,5564,5632,5697,5766,5835,5903,5971,6041,6106,6170
316553,17718,18834,19849,20799,21699,22559,23373,24121,24859,25589,26288,27028,27770,28497,29229,29978,30679,31364
316556,3252,3206,3164,3125,3088,3053,3019,2988,2958,2928,2899,2869,2838,2808,2778,2747,2718,2690
316557,5260,5267,5274,5280,5286,5291,5296,5301,5306,5311,5315,5320,5325,5329,5334,5339,5343,5348
316560,2051,2048,2045,2042,2039,2036,2034,2032,2029,2027,2025,2023,2021,2018,2016,2014,2012,2010
316570,6768,6846,6916,6982,7044,7104,7161,7213,7264,7314,7363,7414,7466,7516,7567,7619,7668,7715
316580,2432,2363,2300,2241,2186,2133,2082,2036,1990,1945,1902,1856,1810,1765,1720,1674,1630,1588
316590,5323,5236,5158,5084,5014,4947,4884,4826,4769,4712,4658,4601,4543,4487,4430,4372,4317,4264
316600,5788,5788,5788,5788,5788,5787,5787,5787,5787,5787,5787,5787,5787,5787,5787,5787,5786,5786
316610,3611,3604,3599,3593,3588,3583,3578,3574,3569,3565,3561,3557,3552,3548,3544,3539,3535,3531
316620,10282,10295,10307,10318,10329,10339,10349,10357,10366,10375,10383,10392,10400,10409,10418,10426,10435,10443
316630,7170,7182,7192,7202,7211,7220,7229,7236,7244,7252,7259,7267,7274,7282,7290,7297,7305,7312
316640,1783,1788,1793,1797,1801,1805,1809,1812,1815,1819,1822,1825,1829,1832,1835,1839,1842,1845
316650,4305,4304,4303,4302,4302,4301,4300,4300,4299,4299,4298,4297,4297,4296,4296,4295,4294,4294
316660,895,887,879,872,865,858,852,846,841,835,830,824,819,813,808,802,797,792
316680,9631,9776,9908,10031,10148,10259,10365,10462,10558,10652,10743,10839,10935,11030,11125,11222,11313,11402
316670,8392,8415,8436,8455,8473,8491,8507,8523,8538,8553,8567,8582,8597,8612,8627,8642,8657,8671
316690,7697,7695,7693,7691,7690,7688,7686,7685,7684,7682,7681,7680,7678,7677,7676,7674,7673,7672
316695,4142,4189,4233,4273,4311,4348,4382,4414,4445,4476,4506,4537,4569,4600,4631,4663,4693,4722
316700,2124,2112,2101,2091,2081,2072,2063,2055,2047,2040,2032,2024,2016,2008,2000,1992,1985,1978
316710,21552,21508,21469,21432,21397,21363,21332,21302,21274,21245,21218,21189,21160,21132,21103,21074,21047,21020
316720,189624,193332,196703,199857,202847,205702,208405,210889,213340,215764,218087,220545,223010,225423,227856,230343,232671,234946
316555,9530,9733,9917,10089,10252,10408,10556,10692,10826,10958,11085,11219,11354,11486,11619,11755,11882,12006
316730,2193,2198,2203,2207,2211,2215,2219,2222,2225,2229,2232,2235,2239,2242,2245,2249,2252,2255
316740,6006,6023,6039,6053,6067,6081,6093,6105,6116,6127,6138,6149,6161,6172,6183,6195,6206,6216
316750,2543,2548,2553,2558,2562,2566,2570,2574,2577,2581,2584,2588,2591,2595,2598,2602,2605,2608
316760,17309,17482,17639,17785,17925,18057,18183,18299,18413,18526,18634,18748,18863,18975,19089,19205,19313,19419
316770,6446,6380,6319,6263,6210,6158,6110,6066,6022,5979,5937,5893,5849,5806,5762,5718,5676,5636
316780,5288,5352,5410,5465,5517,5566,5613,5656,5698,5740,5780,5823,5865,5907,5949,5992,6032,6071
316790,4690,4620,4557,4497,4441,4387,4336,4290,4243,4198,4154,4108,4061,4016,3970,3923,3879,3837
316800,28050,28497,28904,29285,29646,29990,30317,30616,30912,31205,31485,31782,32079,32370,32719,33019,33301,33576
316805,3308,3293,3280,3267,3256,3244,3233,3224,3214,3204,3195,3185,3175,3166,3156,3146,3137,3128
316810,3413,3514,3606,3692,3773,3851,3924,3992,4059,4125,4188,4255,4322,4388,4454,4522,4585,4647
316820,1949,1944,1939,1934,1929,1925,1921,1918,1914,1910,1907,1903,1900,1896,1893,1889,1885,1882
316830,3581,3618,3651,3683,3712,3741,3768,3792,3817,3841,3864,3888,3913,3937,3961,3986,4009,4032
316840,14861,14821,14785,14751,14719,14689,14660,14633,14607,14581,14556,14530,14503,14477,14451,14425,14400,14375
316850,11436,11453,11468,11482,11495,11508,11520,11532,11543,11554,11564,11575,11586,11597,11608,11619,11630,11640
316860,132752,133334,133863,134359,134828,135276,135701,136091,136476,136856,137221,137607,137994,138373,138755,139145,139511,139868
316870,73316,74543,75659,76703,77692,78637,79532,80354,81165,81967,82736,83550,84365,85164,85969,86792,87563,88316
316880,5907,6061,6201,6332,6456,6575,6687,6790,6892,6993,7089,7191,7293,7394,7495,7598,7695,7789
316890,7766,7671,7584,7502,7425,7352,7282,7218,7155,7093,7033,6970,6906,6844,6781,6717,6657,6599
316900,15391,15485,15571,15651,15727,15799,15868,15931,15993,16055,16114,16176,16239,16300,16362,16425,16484,16542
316905,3919,3933,3945,3956,3967,3978,3988,3997,4006,4015,4023,4032,4041,4050,4059,4068,4076,4085
316910,5356,5423,5484,5541,5595,5646,5695,5740,5784,5828,5870,5914,5959,6002,6046,6091,6133,6174
316920,11952,11660,11395,11147,10911,10687,10474,10278,10086,9895,9712,9519,9325,9135,8943,8747,8564,8385
316930,66970,67899,68744,69534,70283,70999,71676,72298,72912,73520,74102,74718,75336,75940,76550,77173,77756,78326
316935,24174,24782,25334,25851,26341,26808,27252,27659,28060,28457,28838,29241,29645,30040,30439,30846,31228,31601
316940,52336,52663,52961,53240,53504,53756,53995,54214,54431,54645,54850,55067,55285,55498,55713,55933,56138,56339
316950,5981,6037,6087,6135,6180,6223,6263,6301,6338,6374,6409,6446,6483,6519,6556,6593,6628,6663
316960,23711,23831,23940,24042,24139,24231,24319,24399,24478,24557,24632,24712,24791,24869,24948,25029,25104,25178
316970,16058,16326,16817,17048,17268,17478,17676,17858,18038,18216,18387,18568,18748,18926,19104,19287,19458,19625
316980,4352,4403,4449,4493,4534,4573,4611,4645,4679,4712,4744,4778,4812,4845,4879,4913,4945,4976
316990,87252,89353,91264,93052,94746,96364,97897,99305,100693,102067,103384,104777,106174,107542,108921,110331,111650,112939
317000,11051,11161,11261,11355,11444,11528,11609,11682,11755,11827,11896,11969,12042,12114,12186,12260,12329,12397
317005,11982,12018,12051,12082,12112,12140,12166,12190,12214,12238,12261,12285,12309,12333,12357,12381,12404,12426
317010,258532,264119,269200,273954,278460,282762,286836,290580,294273,297926,301427,305132,308846,312482,316149,319898,323405,326834
317020,514101,527258,539222,550417,561028,571158,580752,589569,598264,606868,615112,623837,632583,641145,649781,658609,666867,674941
317030,2946,2921,2898,2877,2857,2838,2820,2803,2787,2771,2755,2739,2722,2706,2689,2673,2657,2642
317040,71834,72766,73614,74407,75158,75876,76556,77180,77796,78406,78990,79608,80228,80834,81437,82062,82648,83220
317043,4757,4723,4693,4664,4637,4611,4587,4564,4542,4520,4499,4477,4454,4433,4410,4388,4367,4346
317047,3347,3340,3334,3328,3322,3317,3312,3307,3303,3298,3294,3289,3285,3280,3285,3280,3276,3272
317050,10642,10621,10602,10584,10567,10550,10535,10521,10507,10493,10480,10466,10452,10438,10424,10410,10397,10384
317052,9862,10382,10855,11297,11717,12117,12496,12844,13188,13528,13854,14199,14544,14883,15224,15573,15899,16218
317057,6712,6695,6679,6665,6651,6637,6625,6613,6602,6591,6580,6569,6557,6546,6535,6523,6512,6502
317060,2269,2260,2253,2245,2238,2232,2225,2220,2214,2208,2203,2197,2192,2186,2180,2175,2169,2164
317065,4572,4604,4634,4661,4687,4712,4736,4757,4779,4800,4820,4841,4863,4884,4905,4927,4947,4967
317070,111801,113565,115169,116670,118092,119450,120737,121918,123084,124238,125343,126513,127685,128833,129991,131174,132282,133364
317075,4822,4997,5156,5305,5446,5581,5708,5825,5941,6055,6165,6281,6397,6511,6626,6743,6853,6960
317080,32455,32978,33453,33897,34319,34721,35102,35452,35798,36140,36467,36814,37161,37501,37844,38195,38523,38843
317090,19662,19637,19614,19592,19571,19552,19533,19516,19500,19483,19467,19450,19433,19417,19400,19383,19367,19351
317100,19415,19502,19582,19656,19726,19793,19857,19916,19973,20030,20085,20143,20201,20258,20315,20374,20428,20482
317103,7364,7512,7646,7772,7891,8005,8113,8212,8310,8406,8499,8597,8695,8792,8889,8988,9081,9171
317107,5560,5572,5583,5593,5602,5611,5620,5628,5636,5644,5651,5659,5667,5674,5682,5690,5698,5705
317110,2948,3026,3097,3163,3226,3286,3343,3396,3447,3498,3547,3599,3651,3701,3753,3805,3854,3902
317115,4690,4701,4711,4721,4729,4738,4746,4754,4761,4768,4775,4782,4790,4797,4804,4812,4819,4825
317120,78387,82042,85366,88476,91423,94238,96903,99352,101768,104158,106448,108872,111302,113680,116079,118531,120826,123069
317130,66522,67437,68269,69048,69786,70490,71157,71770,72375,72974,73547,74154,74762,75358,75958,76572,77146,77708
317140,4054,4021,3991,3963,3936,3911,3886,3864,3842,3821,3800,3778,3756,3735,3713,3691,3670,3650
317160,14024,14004,13985,13968,13952,13936,13922,13908,13895,13882,13869,13856,13842,13829,13816,13802,13790,13777
317170,8923,8905,8888,8872,8857,8843,8829,8817,8805,8793,8781,8769,8756,8744,8732,8720,8708,8697
317180,11105,11061,11021,10983,10948,10914,10881,10852,10823,10794,10766,10737,10707,10679,10650,10620,10592,10565
317190,6269,6203,6143,6087,6033,5983,5934,5890,5847,5803,5762,5718,5674,5631,5588,5544,5502,5462
317200,33436,34114,34730,35307,35853,36375,36869,37323,37771,38214,38639,39088,39539,39980,40425,40879,41305,41721
317210,5045,5060,5074,5087,5100,5112,5123,5133,5143,5153,5163,5173,5183,5193,5203,5214,5223,5233
317220,2663,2655,2647,2640,2634,2627,2621,2616,2611,2605,2600,2595,2589,2584,2578,2573,2568,2563
